{
  "content_summary": "Guidance and policy hints for running HyperSync on ultra-light devices (low core count, low RAM, no GPU).",
  "created_at_utc": "2025-12-14T13:53:02.235743Z",
  "determinism_tier": "D2_open_world",
  "embedding": {
    "dimensions": 768,
    "space": "conceptual_small_device_patterns",
    "vector_ref": "example:small_device_optimization"
  },
  "governance": {
    "clearance_level": "internal",
    "contains_pii": false,
    "sensitivity": "internal"
  },
  "id": "sdl_shard_small_device_optimization",
  "kind": "policy",
  "metadata": {
    "example": true,
    "hardware_profile_example_ref": "examples/environment/hardware_profile_ultra_light.json"
  },
  "semantic_tags": [
    "hardware_profile:ultra_light",
    "optimization:small_device",
    "resource:cpu_memory_tradeoff"
  ],
  "source": {
    "hash_algo": "sha256",
    "hash_value": "e3135716f4567827e20543fd708a40aa5823f0566ed70305cb4c02e62a31e72d",
    "media_type": "application/json",
    "path": "examples/sdl/shard_small_device_optimization.json",
    "size_bytes": 752
  },
  "updated_at_utc": "2025-12-14T13:53:02.235787Z"
}