{
  "capsule": {
    "name": "curvature_field_generators",
    "type": "mechanism",
    "properties": {
      "math": "R(X, Y)Z = nabla_X nabla_Y Z - nabla_Y nabla_X Z - nabla_[X,Y] Z",
      "discrete_implementation": "Regge Calculus on Simplicial Complexes",
      "input_constraints": "Piecewise constant sectional curvature on simplices."
    },
    "fault_detection": {
      "singularity_check": {
        "logic": "If Sectional_Curvature > K_max or < K_min, flag as 'Singularity Risk'.",
        "thresholds": {
          "K_max": "1e6",
          "K_min": "-1e6"
        }
      },
      "bianchi_identity_violation": {
        "logic": "Check Second Bianchi Identity: nabla_X R(Y,Z) + nabla_Y R(Z,X) + nabla_Z R(X,Y) = 0",
        "tolerance": "1e-5"
      }
    },
    "vnes_binding": "geometry.curvature.generators"
  }
}