{
  "meta": {
    "id": "spec.core.consensus_mechanisms",
    "version": "1.0.0",
    "description": "Defines available consensus mechanisms, their resource requirements, and tier availability."
  },
  "mechanisms": {
    "gossip": {
      "name": "Gossip Protocol",
      "type": "lightweight",
      "min_tier": "core",
      "description": "Epidemic broadcast for efficient information dissemination.",
      "resources": {
        "memory_mb": 128,
        "gpu_required": false
      },
      "properties": {
        "consistency": "eventual",
        "fault_tolerance": "high"
      },
      "blueprint": {
        "mathematical_foundation": "Epidemic Theory / Percolation Theory on Graphs",
        "mechanism": "Randomized peer selection (fanout f) + push/pull state exchange",
        "fault_detection": "Message entropy variance > threshold or peer unreachability > timeout",
        "complexity_details": "O(log N) convergence time, O(N) total messages"
      }
    },
    "vector_clock": {
      "name": "Vector Clock",
      "type": "lightweight",
      "min_tier": "core",
      "description": "Tracks causality relationships between events.",
      "resources": {
        "memory_mb": 64,
        "gpu_required": false
      },
      "properties": {
        "consistency": "causal",
        "fault_tolerance": "n/a"
      },
      "blueprint": {
        "mathematical_foundation": "Partial Ordering of Events (Causal History)",
        "mechanism": "Increment local counter on event; Merge remote vectors via element-wise max()",
        "fault_detection": "Causality violation detected via timestamp inversion or concurrent modification conflicts",
        "complexity_details": "O(N) size per message where N is number of actors"
      }
    },
    "crdt": {
      "name": "CRDT",
      "type": "lightweight",
      "min_tier": "core",
      "description": "Conflict-free Replicated Data Types for automatic merge.",
      "resources": {
        "memory_mb": 256,
        "gpu_required": false
      },
      "properties": {
        "consistency": "strong_eventual",
        "fault_tolerance": "high"
      },
      "blueprint": {
        "mathematical_foundation": "Join-Semilattices (Monotonicity)",
        "mechanism": "Commutative, Associative, Idempotent merge operations ensuring convergence",
        "fault_detection": "State divergence detected via Merkle sync or checksum mismatch",
        "complexity_details": "O(1) merge complexity (dependent on data structure size)"
      }
    },
    "merkle_tree": {
      "name": "Merkle Tree",
      "type": "lightweight",
      "min_tier": "core",
      "description": "Cryptographic hash tree for efficient verification.",
      "resources": {
        "memory_mb": 128,
        "gpu_required": false
      },
      "properties": {
        "consistency": "strong",
        "fault_tolerance": "n/a"
      },
      "blueprint": {
        "mathematical_foundation": "Cryptographic Hash Trees (Collision-Resistant Hash Functions)",
        "mechanism": "Recursive hashing: H_parent = Hash(H_left || H_right)",
        "fault_detection": "Root hash mismatch implies data corruption in leaf or branch",
        "complexity_details": "O(log N) verification, O(N) build"
      }
    },
    "simple_bft": {
      "name": "Simple BFT",
      "type": "light",
      "min_tier": "core",
      "description": "Simplified BFT for safety-critical robotics and prototyping.",
      "resources": {
        "memory_mb": 512,
        "gpu_required": false
      },
      "properties": {
        "consistency": "strong",
        "fault_tolerance": "f < n/3",
        "safety_critical": true
      },
      "blueprint": {
        "mathematical_foundation": "Byzantine Generals Problem (f < n/3)",
        "mechanism": "Signed message exchange with 2/3 majority voting",
        "fault_detection": "Conflicting signatures or equivocation detected via signature verification",
        "complexity_details": "O(N^2) message complexity"
      }
    },
    "quorum": {
      "name": "Quorum-based",
      "type": "light",
      "min_tier": "basic",
      "description": "Simple majority voting for coordination.",
      "resources": {
        "memory_mb": 1024,
        "gpu_required": false
      },
      "properties": {
        "consistency": "strong",
        "fault_tolerance": "f < n/2",
        "client_attestation_compatible": true
      },
      "blueprint": {
        "mathematical_foundation": "Set Intersection Property (Majority)",
        "mechanism": "Read/Write quorums satisfying R + W > N",
        "fault_detection": "Quorum unavailability or split-brain conditions",
        "complexity_details": "O(N) message complexity"
      }
    },
    "raft": {
      "name": "Raft",
      "type": "moderate",
      "min_tier": "basic",
      "description": "Understandable consensus with leader election.",
      "resources": {
        "memory_mb": 1024,
        "gpu_required": false
      },
      "properties": {
        "consistency": "strong",
        "fault_tolerance": "crash",
        "client_attestation_compatible": true
      },
      "blueprint": {
        "mathematical_foundation": "Replicated State Machine Safety (Log Matching Property)",
        "mechanism": "Strong Leader Election + Log Replication + Commit Index advancement",
        "fault_detection": "Term mismatch, Log inconsistency (prevLogIndex/Term mismatch), Heartbeat timeout",
        "complexity_details": "O(1) normal op, O(N) election"
      }
    },
    "paxos": {
      "name": "Paxos",
      "type": "moderate",
      "min_tier": "pro",
      "description": "Robust consensus algorithm with strong guarantees.",
      "resources": {
        "memory_mb": 2048,
        "gpu_required": false
      },
      "properties": {
        "consistency": "strong",
        "fault_tolerance": "crash"
      },
      "blueprint": {
        "mathematical_foundation": "Consensus on a Value (Synod Protocol)",
        "mechanism": "Two-phase commit: Prepare/Promise -> Accept/Accepted",
        "fault_detection": "Livelock (dueling proposers) or Proposal rejection",
        "complexity_details": "O(N) messages per round"
      }
    },
    "proof_of_stake": {
      "name": "Proof of Stake",
      "type": "moderate",
      "min_tier": "pro",
      "description": "Energy-efficient validation based on stake.",
      "resources": {
        "memory_mb": 2048,
        "gpu_required": false
      },
      "properties": {
        "consistency": "eventual",
        "fault_tolerance": "byzantine"
      },
      "blueprint": {
        "mathematical_foundation": "Game Theory (Nash Equilibrium) & Cryptoeconomics",
        "mechanism": "Validator selection weighted by stake; Slashing conditions for misbehavior",
        "fault_detection": "Double signing or Nothing-at-stake detected via slashing proofs",
        "complexity_details": "O(1) selection (VRF), O(N) validation"
      }
    },
    "bft": {
      "name": "Byzantine Fault Tolerant",
      "type": "heavy",
      "min_tier": "advanced",
      "description": "Full Byzantine protection for adversarial environments.",
      "resources": {
        "memory_mb": 4096,
        "gpu_required": false
      },
      "properties": {
        "consistency": "strong",
        "fault_tolerance": "f < n/3",
        "high_stakes_validation": false
      },
      "blueprint": {
        "mathematical_foundation": "Interactive Consistency",
        "mechanism": "Three-phase commit (Pre-prepare, Prepare, Commit)",
        "fault_detection": "Byzantine behavior (equivocation) detected via quorum certificates",
        "complexity_details": "O(N^2) message complexity"
      }
    },
    "tendermint": {
      "name": "Tendermint",
      "type": "heavy",
      "min_tier": "advanced",
      "description": "Modern BFT with instant finality.",
      "resources": {
        "memory_mb": 4096,
        "gpu_required": false
      },
      "properties": {
        "consistency": "strong",
        "fault_tolerance": "byzantine",
        "high_stakes_validation": false
      },
      "blueprint": {
        "mathematical_foundation": "BFT State Machine Replication (Locking rules)",
        "mechanism": "Propose -> Prevote -> Precommit (Polka) rounds",
        "fault_detection": "Double signing or Lock violation detected via evidence submission",
        "complexity_details": "O(N) with gossip layer"
      }
    },
    "hotstuff": {
      "name": "HotStuff",
      "type": "heavy",
      "min_tier": "advanced",
      "description": "Optimized BFT for large-scale deployments.",
      "resources": {
        "memory_mb": 4096,
        "gpu_required": false
      },
      "properties": {
        "consistency": "strong",
        "fault_tolerance": "byzantine",
        "high_stakes_validation": false
      },
      "blueprint": {
        "mathematical_foundation": "Pipelined BFT (Linear View Change)",
        "mechanism": "Three-chain commit rule with rotating leader and threshold signatures",
        "fault_detection": "Safety violation (QC mismatch) or Liveness failure (View timeout)",
        "complexity_details": "O(N) authenticator complexity"
      }
    },
    "riemannian_barycenter": {
      "name": "Riemannian Barycenter",
      "type": "very_heavy",
      "min_tier": "quartermaster",
      "description": "Geometric consensus on manifolds.",
      "resources": {
        "memory_mb": 8192,
        "gpu_required": true
      },
      "properties": {
        "consistency": "geometric",
        "fault_tolerance": "geometric_byzantine",
        "high_stakes_validation": true
      }
    },
    "geometric_consensus": {
      "name": "Geometric Consensus",
      "type": "very_heavy",
      "min_tier": "quartermaster",
      "description": "Full geometric synchronization with manifold operations.",
      "resources": {
        "memory_mb": 8192,
        "gpu_required": true
      },
      "properties": {
        "consistency": "geometric",
        "fault_tolerance": "geometric_byzantine",
        "high_stakes_validation": true
      }
    },
    "tangent_space_gossip": {
      "name": "Tangent Space Gossip",
      "type": "geometric_light",
      "min_tier": "basic",
      "description": "Projects neighbors to local Tangent Space for linear averaging.",
      "resources": {
        "memory_mb": 512,
        "gpu_required": false
      },
      "properties": {
        "consistency": "geometric_approx",
        "fault_tolerance": "high",
        "math_basis": "Lie Algebra / Log-Map"
      }
    },
    "hyperbolic_tree_aggregation": {
      "name": "Hyperbolic Tree Aggregation",
      "type": "geometric_moderate",
      "min_tier": "pro",
      "description": "Embeds consensus tree in Hyperbolic Metric for fast aggregation.",
      "resources": {
        "memory_mb": 1024,
        "gpu_required": false
      },
      "properties": {
        "consistency": "strong",
        "fault_tolerance": "crash",
        "math_basis": "Poincar\u00e9 Disk"
      }
    },
    "discrete_ricci_flow": {
      "name": "Discrete Ricci Flow",
      "type": "geometric_heavy",
      "min_tier": "advanced",
      "description": "Topology optimization using curvature to detect bottlenecks.",
      "resources": {
        "memory_mb": 2048,
        "gpu_required": true
      },
      "properties": {
        "consistency": "topology_optimized",
        "fault_tolerance": "adaptive",
        "math_basis": "Ollivier-Ricci Curvature"
      }
    },
    "fractal_dimension": {
      "name": "Fractal Dimension Consensus",
      "type": "geometric_fractal",
      "min_tier": "core",
      "description": "Scale-invariant consensus using box-counting dimension.",
      "resources": {
        "memory_mb": 512,
        "gpu_required": false
      },
      "properties": {
        "complexity": "O(n log n)",
        "use_case": "Scale-invariant systems"
      }
    },
    "conformal_geometry": {
      "name": "Conformal Geometry Consensus",
      "type": "geometric_conformal",
      "min_tier": "core",
      "description": "Angle-preserving consensus for shape-based systems.",
      "resources": {
        "memory_mb": 512,
        "gpu_required": false
      },
      "properties": {
        "complexity": "O(n log n)",
        "use_case": "Angle-critical systems"
      }
    },
    "flag_manifold": {
      "name": "Flag Manifold Consensus",
      "type": "geometric_hierarchical",
      "min_tier": "core",
      "description": "Hierarchical consensus on flag manifolds.",
      "resources": {
        "memory_mb": 1024,
        "gpu_required": false
      },
      "properties": {
        "complexity": "O(n log n)",
        "use_case": "Multi-resolution hierarchies"
      }
    },
    "symplectic_geometry": {
      "name": "Symplectic Geometry Consensus",
      "type": "geometric_symplectic",
      "min_tier": "core",
      "description": "Consensus preserving symplectic structure for physics-based systems.",
      "resources": {
        "memory_mb": 1024,
        "gpu_required": false
      },
      "properties": {
        "complexity": "O(n log n)",
        "use_case": "Conservation laws"
      }
    },
    "geometric_median": {
      "name": "Geometric Median Consensus",
      "type": "geometric_robust",
      "min_tier": "core",
      "description": "Robust aggregation minimizing sum of distances (Weiszfeld algorithm).",
      "resources": {
        "memory_mb": 512,
        "gpu_required": false
      },
      "properties": {
        "complexity": "O(n log n)",
        "use_case": "Outlier-resistant aggregation"
      }
    },
    "discrete_exterior_calculus": {
      "name": "Discrete Exterior Calculus Consensus",
      "type": "geometric_discrete",
      "min_tier": "basic",
      "description": "Consensus on discrete differential forms over meshes.",
      "resources": {
        "memory_mb": 1024,
        "gpu_required": false
      },
      "properties": {
        "complexity": "O(n)",
        "use_case": "Mesh-based systems"
      }
    },
    "geometric_deep_learning": {
      "name": "Geometric Deep Learning Consensus",
      "type": "geometric_learning",
      "min_tier": "basic",
      "description": "Adaptive consensus using graph neural networks.",
      "resources": {
        "memory_mb": 2048,
        "gpu_required": true
      },
      "properties": {
        "complexity": "O(n)",
        "use_case": "Adaptive patterns"
      }
    },
    "spectral_geometry": {
      "name": "Spectral Geometry Consensus",
      "type": "geometric_spectral",
      "min_tier": "pro",
      "description": "Network topology consensus using Laplacian eigenvalues.",
      "resources": {
        "memory_mb": 2048,
        "gpu_required": true
      },
      "properties": {
        "complexity": "O(n^2)",
        "use_case": "Network topology"
      }
    },
    "optimal_transport": {
      "name": "Optimal Transport Consensus",
      "type": "geometric_transport",
      "min_tier": "pro",
      "description": "Probabilistic consensus using Wasserstein distance (Entropic Reg).",
      "resources": {
        "memory_mb": 4096,
        "gpu_required": true
      },
      "properties": {
        "complexity": "O(n^2)",
        "use_case": "Uncertainty quantification"
      }
    },
    "kahler_geometry": {
      "name": "K\u00e4hler Geometry Consensus",
      "type": "geometric_complex",
      "min_tier": "pro",
      "description": "Consensus on complex manifolds with compatible symplectic structure.",
      "resources": {
        "memory_mb": 2048,
        "gpu_required": true
      },
      "properties": {
        "complexity": "O(n^2)",
        "use_case": "Algebraic geometry"
      }
    },
    "spin_geometry": {
      "name": "Spin Geometry Consensus",
      "type": "geometric_spin",
      "min_tier": "pro",
      "description": "Consensus using spinor fields and Clifford algebra.",
      "resources": {
        "memory_mb": 2048,
        "gpu_required": true
      },
      "properties": {
        "complexity": "O(n^2)",
        "use_case": "Quantum geometric systems"
      }
    },
    "sub_riemannian_geometry": {
      "name": "Sub-Riemannian Geometry Consensus",
      "type": "geometric_control",
      "min_tier": "quartermaster",
      "description": "Consensus with non-holonomic constraints.",
      "resources": {
        "memory_mb": 8192,
        "gpu_required": true
      },
      "properties": {
        "complexity": "O(n^3)",
        "use_case": "Constrained motion planning"
      }
    },
    "horosphere_bft": {
      "name": "Horosphere BFT",
      "type": "hyperbolic_consensus",
      "min_tier": "core",
      "description": "Consensus propagates along horospheres; Byzantine faults create horospherical singularities.",
      "blueprint": {
        "mathematical_foundation": "Horospheres in H^n (equidistant surfaces from ideal points at infinity)",
        "bft_mechanism": "Consensus propagates along horospheres, Byzantine faults create 'horospherical singularities'",
        "fault_detection": "Nodes violating horospherical equidistance are Byzantine",
        "fault_tolerance": "f < n/3 (hyperbolic triangle inequality constraints)",
        "complexity_details": "O(n log n) for hyperbolic distance computation, O(n) for horosphere validation"
      },
      "resources": {
        "memory_mb": 512,
        "gpu_required": false
      },
      "properties": {
        "complexity": "O(n log n)",
        "use_case": "Tree-structured consensus"
      }
    },
    "ideal_boundary_bft": {
      "name": "Ideal Boundary BFT",
      "type": "hyperbolic_asymptotic",
      "min_tier": "core",
      "description": "Consensus states live on ideal boundary; geodesic convergence guarantees agreement.",
      "blueprint": {
        "mathematical_foundation": "\u2202H^n (boundary at infinity of hyperbolic space)",
        "bft_mechanism": "Consensus states live on ideal boundary, geodesic convergence guarantees agreement",
        "fault_detection": "Byzantine nodes create 'non-convergent' geodesics to boundary",
        "load_profile": "Moderate (projective geometry computations)",
        "complexity_details": "O(n) for boundary points, O(n log n) for geodesic validation"
      },
      "resources": {
        "memory_mb": 512,
        "gpu_required": false
      },
      "properties": {
        "complexity": "O(n log n)",
        "use_case": "Asymptotic consensus"
      }
    },
    "poincare_disk_bft": {
      "name": "Poincar\u00e9 Disk BFT",
      "type": "hyperbolic_conformal",
      "min_tier": "core",
      "description": "Consensus via M\u00f6bius transformations on the unit disk.",
      "blueprint": {
        "mathematical_foundation": "M\u00f6bius transformations preserving the unit disk",
        "bft_mechanism": "Consensus operations as M\u00f6bius transformations, Byzantine detection via transformation group properties",
        "fault_detection": "Transformations not preserving the disk indicate Byzantine behavior",
        "load_profile": "Light to Moderate (complex matrix operations)",
        "complexity_details": "O(n) for M\u00f6bius operations, O(n log n) for disk preservation"
      },
      "resources": {
        "memory_mb": 512,
        "gpu_required": false
      },
      "properties": {
        "complexity": "O(n log n)",
        "use_case": "Conformal consensus"
      }
    },
    "null_geodesic_bft": {
      "name": "Null Geodesic BFT",
      "type": "lorentzian_causal",
      "min_tier": "core",
      "description": "Consensus propagates along null geodesics; faults create light cone singularities.",
      "blueprint": {
        "mathematical_foundation": "Light-like geodesics in spacetime",
        "bft_mechanism": "Consensus propagates along null geodesics, Byzantine faults create 'light cone singularities'",
        "fault_detection": "Messages violating null geodesic constraints are Byzantine",
        "load_profile": "Heavy (general relativity computations)",
        "complexity_details": "O(n log n) for null geodesic computation, O(n) for constraint validation"
      },
      "resources": {
        "memory_mb": 1024,
        "gpu_required": false
      },
      "properties": {
        "complexity": "O(n log n)",
        "use_case": "Relativistic networks"
      }
    },
    "spherical_bft": {
      "name": "Spherical BFT",
      "type": "spherical_geodesic",
      "min_tier": "core",
      "description": "Consensus paths follow great circles; antipodal states indicate faults.",
      "blueprint": {
        "mathematical_foundation": "Great circles as geodesics on S^n",
        "bft_mechanism": "Consensus paths follow great circles, Byzantine nodes create 'antipodal singularities'",
        "fault_detection": "Nodes proposing antipodal states (maximally separated) are Byzantine",
        "load_profile": "Light (spherical trigonometry)",
        "network_profile": "O(n) for spherical coordinates",
        "complexity_details": "O(n) for spherical distances, O(n log n) for great circle validation"
      },
      "resources": {
        "memory_mb": 512,
        "gpu_required": false
      },
      "properties": {
        "complexity": "O(n log n)",
        "use_case": "Compact consensus spaces"
      }
    },
    "stereographic_bft": {
      "name": "Stereographic Projection BFT",
      "type": "spherical_conformal",
      "min_tier": "core",
      "description": "Project consensus to plane for computation; validate on sphere.",
      "blueprint": {
        "mathematical_foundation": "Conformal mapping between sphere and plane",
        "bft_mechanism": "Project consensus to plane for computation, validate on sphere",
        "fault_detection": "Projections creating 'poles' (projection singularities) indicate Byzantine behavior",
        "load_profile": "Moderate (conformal geometry)",
        "complexity_details": "O(n) for projection, O(n log n) for conformal validation"
      },
      "resources": {
        "memory_mb": 512,
        "gpu_required": false
      },
      "properties": {
        "complexity": "O(n log n)",
        "use_case": "Conformal spherical agreement"
      }
    },
    "building_geometry_bft": {
      "name": "Building Geometry BFT",
      "type": "discrete_symmetric",
      "min_tier": "core",
      "description": "Consensus in apartment systems of affine buildings.",
      "blueprint": {
        "mathematical_foundation": "Affine buildings as discrete analogues of symmetric spaces",
        "bft_mechanism": "Consensus in apartment systems, Byzantine faults create 'non-convex' chambers",
        "fault_detection": "Nodes violating building axioms (apartment systems) are Byzantine",
        "load_profile": "Heavy (combinatorial geometry)",
        "complexity_details": "O(n log n) for building distance, O(n) for apartment validation"
      },
      "resources": {
        "memory_mb": 1024,
        "gpu_required": false
      },
      "properties": {
        "complexity": "O(n log n)",
        "use_case": "Discrete symmetric consensus"
      }
    },
    "randers_metric_bft": {
      "name": "Randers Metric BFT",
      "type": "finsler_perturbed",
      "min_tier": "core",
      "description": "Consensus with 'wind' effects (beta field); faults create metric singularities.",
      "blueprint": {
        "mathematical_foundation": "F(x,v) = \u221a(g_ij v^i v^j) + \u03b2_i v^i where \u03b2 is a 1-form",
        "bft_mechanism": "Consensus with 'wind' effects (\u03b2 field), Byzantine nodes create metric singularities",
        "fault_detection": "Nodes creating 'headwind' preventing consensus are Byzantine",
        "load_profile": "Moderate to Heavy (perturbed geometry)",
        "complexity_details": "O(n) for Randers metric, O(n log n) for \u03b2-field validation"
      },
      "resources": {
        "memory_mb": 1024,
        "gpu_required": false
      },
      "properties": {
        "complexity": "O(n log n)",
        "use_case": "Perturbed consensus"
      }
    },
    "liouville_theorem_bft": {
      "name": "Liouville's Theorem BFT",
      "type": "conformal_rigidity",
      "min_tier": "core",
      "description": "Consensus via conformal mappings; rigidity theorem provides fault detection.",
      "blueprint": {
        "mathematical_foundation": "Conformal maps in dimension \u2265 3 are M\u00f6bius transformations",
        "bft_mechanism": "Consensus via conformal mappings, rigidity theorem provides Byzantine detection",
        "fault_detection": "Non-M\u00f6bius conformal transformations indicate Byzantine behavior",
        "load_profile": "Moderate (conformal geometry)",
        "complexity_details": "O(n) for conformal factors, O(n log n) for Liouville validation"
      },
      "resources": {
        "memory_mb": 512,
        "gpu_required": false
      },
      "properties": {
        "complexity": "O(n log n)",
        "use_case": "Conformal rigidity consensus"
      }
    },
    "hyperbolic_random_graph_bft": {
      "name": "Hyperbolic Random Graph BFT",
      "type": "discrete_hyperbolic",
      "min_tier": "core",
      "description": "Consensus in tree-like graph structures; faults violate delta-hyperbolicity.",
      "blueprint": {
        "mathematical_foundation": "Random graphs with hyperbolic geometry (Gromov hyperbolicity)",
        "bft_mechanism": "Consensus in tree-like graph structures, Byzantine nodes violate \u03b4-hyperbolicity",
        "fault_detection": "Nodes creating 'non-hyperbolic' triangles are Byzantine",
        "load_profile": "Moderate (graph algorithms)",
        "network_profile": "O(n log n) for hyperbolic embedding",
        "complexity_details": "O(n log n) for hyperbolicity testing, O(n) for tree approximation"
      },
      "resources": {
        "memory_mb": 512,
        "gpu_required": false
      },
      "properties": {
        "complexity": "O(n log n)",
        "use_case": "Hierarchical fault detection"
      }
    },
    "gromov_boundary_bft": {
      "name": "Gromov Boundary BFT",
      "type": "asymptotic_boundary",
      "min_tier": "core",
      "description": "Consensus converges to boundary points of delta-hyperbolic spaces.",
      "blueprint": {
        "mathematical_foundation": "Asymptotic boundary of \u03b4-hyperbolic spaces",
        "bft_mechanism": "Consensus converges to boundary points, Byzantine nodes prevent convergence",
        "fault_detection": "Nodes creating 'divergent' sequences are Byzantine",
        "load_profile": "Heavy (asymptotic geometry)",
        "network_profile": "O(n log n) for boundary points",
        "complexity_details": "O(n log n) for boundary convergence, O(n) for asymptotic validation"
      },
      "resources": {
        "memory_mb": 1024,
        "gpu_required": false
      },
      "properties": {
        "complexity": "O(n log n)",
        "use_case": "Large-scale geometric agreement"
      }
    },
    "causal_structure_bft": {
      "name": "Causal Structure BFT",
      "type": "lorentzian_causal",
      "min_tier": "pro",
      "description": "Consensus must respect causal structure; faults violate causality.",
      "blueprint": {
        "mathematical_foundation": "Causal relations in Lorentzian manifolds (J+, J- future/past light cones)",
        "bft_mechanism": "Consensus must respect causal structure, Byzantine nodes violate causality",
        "fault_detection": "Nodes proposing acausal states are Byzantine",
        "load_profile": "Heavy (causal set theory)",
        "network_profile": "O(n^2) for causal relations",
        "complexity_details": "O(n^2) for causal structure validation, O(n) for light cone checks"
      },
      "resources": {
        "memory_mb": 2048,
        "gpu_required": true
      },
      "properties": {
        "complexity": "O(n^2)",
        "use_case": "Spacetime-respecting agreement"
      }
    },
    "finsler_metric_bft": {
      "name": "Finsler Metric BFT",
      "type": "finsler_anisotropic",
      "min_tier": "pro",
      "description": "Consensus with direction-dependent distances.",
      "blueprint": {
        "mathematical_foundation": "Minkowski norms F(x,v) generalizing Riemannian metrics",
        "bft_mechanism": "Consensus with direction-dependent distances, Byzantine nodes violate norm properties",
        "fault_detection": "Nodes violating Finsler norm axioms (homogeneity, triangle inequality) are Byzantine",
        "load_profile": "Heavy (asymmetric geometry)",
        "network_profile": "O(n^2) for direction-dependent metrics",
        "complexity_details": "O(n^2) for Finsler distances, O(n) for norm validation"
      },
      "resources": {
        "memory_mb": 2048,
        "gpu_required": true
      },
      "properties": {
        "complexity": "O(n^2)",
        "use_case": "Anisotropic consensus"
      }
    },
    "heisenberg_group_bft": {
      "name": "Heisenberg Group BFT",
      "type": "sub_riemannian_nilpotent",
      "min_tier": "pro",
      "description": "Consensus in non-commutative phase space.",
      "blueprint": {
        "mathematical_foundation": "Nilpotent Lie group with bracket [X,Y] = Z",
        "bft_mechanism": "Consensus in non-commutative phase space, Byzantine nodes violate group law",
        "fault_detection": "Nodes violating Heisenberg commutation relations are Byzantine",
        "load_profile": "Heavy (nilpotent geometry)",
        "complexity_details": "O(n^2) for group operations, O(n) for center validation"
      },
      "resources": {
        "memory_mb": 2048,
        "gpu_required": true
      },
      "properties": {
        "complexity": "O(n^2)",
        "use_case": "Quantum-inspired consensus"
      }
    },
    "cat_k_space_bft": {
      "name": "CAT(k) Space BFT",
      "type": "discrete_curvature",
      "min_tier": "pro",
      "description": "Consensus in spaces with curvature bounded above by k.",
      "blueprint": {
        "mathematical_foundation": "Spaces with curvature bounded above by k",
        "bft_mechanism": "Consensus in spaces with bounded curvature, Byzantine nodes violate CAT inequalities",
        "fault_detection": "Nodes violating triangle comparison properties are Byzantine",
        "load_profile": "Heavy (comparison geometry)",
        "network_profile": "O(n^2) for curvature estimation",
        "complexity_details": "O(n^2) for curvature bounds, O(n) for comparison validation"
      },
      "resources": {
        "memory_mb": 2048,
        "gpu_required": true
      },
      "properties": {
        "complexity": "O(n^2)",
        "use_case": "Curvature-bounded consensus"
      }
    },
    "ultralimit_bft": {
      "name": "Ultralimit BFT",
      "type": "asymptotic_scaling",
      "min_tier": "pro",
      "description": "Consensus in asymptotic cones via ultralimits.",
      "blueprint": {
        "mathematical_foundation": "Asymptotic cones via ultralimits of metric spaces",
        "bft_mechanism": "Consensus in asymptotic cones, Byzantine nodes violate scaling limits",
        "fault_detection": "Nodes preventing ultralimit convergence are Byzantine",
        "load_profile": "Very Heavy (model theory + geometry)",
        "network_profile": "O(n^2) for scaling data",
        "complexity_details": "O(n^2) for scaling analysis, O(n) for ultralimit validation"
      },
      "resources": {
        "memory_mb": 4096,
        "gpu_required": true
      },
      "properties": {
        "complexity": "O(n^2)",
        "use_case": "Large-scale geometric consensus"
      }
    },
    "event_horizon_bft": {
      "name": "Event Horizon BFT",
      "type": "lorentzian_extreme",
      "min_tier": "quartermaster",
      "description": "Byzantine nodes get 'trapped' behind event horizons.",
      "blueprint": {
        "mathematical_foundation": "Black hole event horizons as causal boundaries",
        "bft_mechanism": "Byzantine nodes get 'trapped' behind event horizons, consensus emerges from asymptotic regions",
        "fault_detection": "Nodes exhibiting 'gravitational collapse' behavior are Byzantine",
        "load_profile": "Very Heavy (differential geometry of horizons)",
        "complexity_details": "O(n^3) for horizon detection, O(n^2) for asymptotic analysis"
      },
      "resources": {
        "memory_mb": 8192,
        "gpu_required": true
      },
      "properties": {
        "complexity": "O(n^3)",
        "use_case": "Catastrophic fault isolation"
      }
    },
    "symmetric_space_bft": {
      "name": "Symmetric Space BFT",
      "type": "symmetric_lie",
      "min_tier": "quartermaster",
      "description": "Consensus via Cartan decomposition for symmetric spaces.",
      "blueprint": {
        "mathematical_foundation": "G = KAN decomposition for symmetric spaces G/K",
        "bft_mechanism": "Consensus in the A (abelian) component, Byzantine detection via K-component anomalies",
        "fault_detection": "Nodes violating Cartan decomposition are Byzantine",
        "load_profile": "Extremely Heavy (Lie theory)",
        "network_profile": "O(n^2) for group elements",
        "complexity_details": "O(n^3) for Lie group operations, O(n^2) for symmetric space geometry"
      },
      "resources": {
        "memory_mb": 8192,
        "gpu_required": true
      },
      "properties": {
        "complexity": "O(n^3)",
        "use_case": "Highly symmetric consensus"
      }
    },
    "carnot_caratheodory_bft": {
      "name": "Carnot-Carath\u00e9odory BFT",
      "type": "sub_riemannian_constrained",
      "min_tier": "quartermaster",
      "description": "Consensus along admissible directions in bracket-generating distributions.",
      "blueprint": {
        "mathematical_foundation": "Distance via horizontal curves in bracket-generating distributions",
        "bft_mechanism": "Consensus along admissible directions, Byzantine nodes violate non-holonomic constraints",
        "fault_detection": "Nodes proposing 'unreachable' states (violating distribution constraints) are Byzantine",
        "load_profile": "Extremely Heavy (non-holonomic geometry)",
        "network_profile": "O(n^2) for constraint propagation",
        "complexity_details": "O(n^3) for sub-Riemannian distance, O(n^2) for distribution validation"
      },
      "resources": {
        "memory_mb": 8192,
        "gpu_required": true
      },
      "properties": {
        "complexity": "O(n^3)",
        "use_case": "Constrained consensus"
      }
    },
    "yamabe_problem_bft": {
      "name": "Yamabe Problem BFT",
      "type": "conformal_pde",
      "min_tier": "quartermaster",
      "description": "Consensus via conformal deformation to uniform scalar curvature.",
      "blueprint": {
        "mathematical_foundation": "Existence of constant scalar curvature in conformal class",
        "bft_mechanism": "Consensus via conformal deformation to uniform scalar curvature",
        "fault_detection": "Nodes preventing Yamabe solution (constant curvature) are Byzantine",
        "load_profile": "Very Heavy (nonlinear PDE)",
        "complexity_details": "O(n^3) for Yamabe equation, O(n^2) for scalar curvature"
      },
      "resources": {
        "memory_mb": 8192,
        "gpu_required": true
      },
      "properties": {
        "complexity": "O(n^3)",
        "use_case": "Uniform curvature consensus"
      }
    }
  }
}