{
  "curvature_mechanisms": {
    "meta": {
      "description": "Mathematical definitions and fault detection for curvature fields",
      "status": "FINAL",
      "version": "1.0.0",
      "math_profile": "Riemannian-Geometry"
    },
    "definitions": {
      "curvature_field_generators": {
        "math": "R(X, Y)Z = nabla_X nabla_Y Z - nabla_Y nabla_X Z - nabla_[X,Y] Z",
        "discrete_implementation": "Regge Calculus on Simplicial Complexes",
        "input_constraints": "Piecewise constant sectional curvature on simplices."
      },
      "higher_order_curvature_tensors": {
        "math": "Covariant derivatives of Riemann Tensor: nabla R, nabla^2 R",
        "usage": "Detecting high-frequency geometric noise."
      },
      "ricci_curvature": {
        "math": "Ric_ij = R^k_ikj",
        "usage": "Volume distortion measure."
      }
    },
    "fault_detection": {
      "singularity_check": {
        "logic": "If Sectional_Curvature > K_max or < K_min, flag as 'Singularity Risk'.",
        "thresholds": {
          "K_max": "1e6",
          "K_min": "-1e6"
        },
        "mitigation": "Apply Ricci Flow smoothing."
      },
      "bianchi_identity_violation": {
        "logic": "Check Second Bianchi Identity: nabla_X R(Y,Z) + nabla_Y R(Z,X) + nabla_Z R(X,Y) = 0",
        "tolerance": "1e-5",
        "implication": "Failure implies torsion or non-metric connection (data corruption)."
      },
      "topology_change_detection": {
        "logic": "Monitor Euler Characteristic (Chi) via Gauss-Bonnet theorem.",
        "condition": "If Chi changes discontinuously without authorization, flag 'Topology Breach'."
      }
    },
    "flow_mechanisms": {
      "ricci_flow": {
        "equation": "dg_ij/dt = -2 * Ric_ij",
        "purpose": "Smooth out curvature singularities."
      }
    }
  }
}