{
  "determinism_verification": {
    "meta": {
      "description": "Verification logic using geometric invariant checking",
      "status": "FINAL",
      "version": "1.0.0"
    },
    "verification_logic": {
      "floating_point_compliance": {
        "blueprint": {
          "mathematical_foundation": "Symplectic Geometry (Hamiltonian Conservation)",
          "mechanism": "Symplectic Drift Check: Monitor energy/volume preservation in integration.",
          "fault_detection": "Drift > epsilon (1e-12) implies non-conservative/non-deterministic math.",
          "detailed_mechanisms": {
            "energy_computation": "Calculate H(p, q) at t=0 and t=final",
            "drift_analysis": "Compute |H(t) - H(0)|"
          }
        }
      },
      "reproducibility_check": {
        "blueprint": {
          "mathematical_foundation": "Metric Space Topology",
          "mechanism": "Geodesic Deviation Metric: dist_M(Output_A, Output_B) < Tolerance.",
          "fault_detection": "Distance > 0.0 (Bitwise Exactness Required for Core)",
          "detailed_mechanisms": {
            "distance_computation": "Riemannian distance function calculation",
            "binary_comparison": "Byte-level diff if geometric check passes but binary differs"
          }
        }
      },
      "jacobi_field_stability": {
        "blueprint": {
          "mathematical_foundation": "Riemannian Curvature (Jacobi Equation)",
          "mechanism": "Lyapunov Exponent estimation via Jacobi field separation growth.",
          "fault_detection": "Lyapunov Exponent > 0.1 (Chaotic/Unstable regime)",
          "detailed_mechanisms": {
            "perturbation_growth": "Measure divergence of nearby trajectories",
            "exponent_calculation": "Logarithmic rate of separation over time"
          }
        }
      },
      "cross_platform_hash": {
        "blueprint": {
          "mathematical_foundation": "Information Theory (Hash Functions)",
          "mechanism": "Canonical Serialization (CBOR) + SHA-256 hashing.",
          "fault_detection": "Hash mismatch across architectures (x86 vs ARM)",
          "detailed_mechanisms": {
            "serialization": "Deterministic CBOR encoding (sorted keys)",
            "hashing": "SHA-256 digest computation"
          }
        }
      }
    },
    "compiler_verification": {
      "blueprint": {
        "mathematical_foundation": "Formal Verification (Compiler Correctness)",
        "mechanism": "Build artifact inspection for strict determinism flags.",
        "fault_detection": "Missing flags (e.g., -C target-cpu=native) or unsafe optimizations",
        "detailed_mechanisms": {
          "flag_audit": "Check for '-C target-cpu=generic', '-C overflow-checks=on'",
          "wasm_audit": "Check for '--no-simd', '--float-memory'"
        }
      }
    }
  },
  "meta": {
    "status": "ALPHA"
  }
}