{
  "dynamic_geometry": {
    "meta": {
      "description": "Time-evolving and adaptive geometric structures",
      "parent_theme": "theme_4:dynamic_geometry",
      "version": "1.0.0"
    },
    "implementations": {
      "geometric_evolution_equations": {
        "blueprint": {
          "mathematical_foundation": "Parabolic PDEs on Manifolds (Ricci Flow: dg/dt = -2Ric)",
          "mechanism": "Finite Element Method (FEM) discretization on evolving simplicial complexes",
          "fault_detection": "Singularity formation detected via curvature blow-up (||Rm|| -> infinity)",
          "detailed_mechanisms": {
            "time_stepping": "Adaptive Runge-Kutta (RK45) with CFL condition monitoring",
            "mesh_adaptation": "Dynamic edge flipping to maintain Delaunay condition during flow"
          }
        }
      },
      "adaptive_geometric_remeshing": {
        "blueprint": {
          "mathematical_foundation": "Delaunay Triangulation Maximization (Angle maximization)",
          "mechanism": "Edge collapse/split/flip operations based on error metrics",
          "fault_detection": "Non-manifold geometry creation or sliver triangle generation",
          "detailed_mechanisms": {
            "error_metric_calculation": "Hausdorff distance computation between original and simplified mesh",
            "topological_validity": "Euler characteristic checks after local modifications"
          }
        }
      },
      "time_dependent_geometry": {
        "blueprint": {
          "mathematical_foundation": "Lorentzian Manifolds (Global Hyperbolicity)",
          "mechanism": "Dynamic metric tensor g_uv(t) updates respecting causal structure",
          "fault_detection": "Closed Timelike Curves (CTC) or Causality violations",
          "detailed_mechanisms": {
            "light_cone_projection": "Enforcing causal future/past constraints on updates",
            "causal_path_validation": "Checking path integrals for timelike/null consistency"
          }
        }
      },
      "geometric_interpolation_methods": {
        "blueprint": {
          "mathematical_foundation": "Geodesic Calculus (Parallel Transport)",
          "mechanism": "Generalized Slerp (Spherical Linear Interpolation) on Riemannian manifolds",
          "fault_detection": "Conjugate point encounter (non-unique geodesics)",
          "detailed_mechanisms": {
            "shooting_method": "Exponential map shooting from source to target",
            "lifting": "Logarithmic map lifting to tangent space for interpolation"
          }
        }
      }
    }
  }
}