{
  "schema_version": "1.0.0",
  "scope": "hypersync.core.factory_and_catalogue.tier_core",
  "based_on": {
    "spec_zip": "HyperSync_Spec_Updated_20251207_144727.zip",
    "capsules": [
      "capsules/core/geometry/manifest.json",
      "capsules/core/logic/manifest.json",
      "capsules/core/kernel/manifest.json",
      "capsules/core/io/basic/manifest.json",
      "capsules/core/factory/manifest.json",
      "capsules/core/catalogue/manifest.json",
      "capsules/core/bridge/uplink/manifest.json"
    ],
    "schemas": [
      "specifications/core/schemas/catalogue/model_entry.schema.json"
    ],
    "vnes_docs": [
      "docs/vnes/OVERVIEW.md",
      "docs/vnes/RUNTIME_ARCHITECTURE.md",
      "docs/vnes/AI_INTERFACE.md",
      "docs/vnes/CAPSULE_SPEC.md"
    ]
  },
  "core_principles": {
    "factory": {
      "id": "hypersync.core.factory",
      "tier": "core",
      "description": "Core Tier Factory. Limited to essential capsules."
    }
  }
}