{
  "$id": "https://hypersync.ai/schemas/ico/federation.schema.json",
  "$schema": "http://json-schema.org/draft-07/schema#",
  "description": "Federation between ICO networks and LD interconnection",
  "properties": {
    "bridges": {
      "type": "array"
    },
    "created_at": {
      "format": "date-time",
      "type": "string"
    },
    "description": {
      "type": "string"
    },
    "federation_id": {
      "type": "string"
    },
    "metadata": {
      "type": "object"
    },
    "name": {
      "type": "string"
    },
    "networks": {
      "type": "array"
    },
    "routing_policy": {
      "type": "object"
    },
    "security_policy": {
      "type": "object"
    },
    "status": {
      "type": "string"
    }
  },
  "required": [
    "federation_id",
    "name",
    "networks",
    "created_at"
  ],
  "title": "ICO Network Federation",
  "type": "object"
}