{
  "geometry_enhancement_themes": {
    "theme_1:_curvature_complexity": {
      "description": "Expand from constant to variable and dynamic curvature",
      "implementations": [
        "curvature_field_generators",
        "higher_order_curvature_tensors",
        "curvature_flow_equations",
        "discrete_curvature_operators"
      ]
    },
    "theme_2:geometric_intelligence": {
      "description": "Add machine learning directly on manifolds",
      "implementations": [
        "geometric_neural_networks",
        "manifold_optimization_algorithms",
        "geometric_statistical_inference",
        "topological_data_analysis"
      ]
    },
    "theme_3:multi_scale_geometry": {
      "description": "Support hierarchical and fractal geometric structures",
      "implementations": [
        "multi_resolution_geometric_analysis",
        "hierarchical_geometric_embeddings",
        "geometric_renormalization_group",
        "scale_adaptive_algorithms"
      ]
    },
    "theme_4:dynamic_geometry": {
      "description": "Enable time-evolving and adaptive geometric structures",
      "implementations": [
        "geometric_evolution_equations",
        "adaptive_geometric_remeshing",
        "time_dependent_geometry",
        "geometric_interpolation_methods"
      ]
    },
    "theme_5:advanced_consensus": {
      "description": "Develop sophisticated geometric consensus mechanisms",
      "implementations": [
        "robust_geometric_consensus",
        "hierarchical_manifold_consensus",
        "stochastic_geometric_algorithms",
        "quantum_geometric_methods"
      ]
    }
  }
}