{
  "geometric_intelligence": {
    "meta": {
      "description": "Machine learning and inference directly on manifold structures",
      "parent_theme": "theme_2:geometric_intelligence",
      "version": "1.0.0"
    },
    "implementations": {
      "geometric_neural_networks": {
        "blueprint": {
          "mathematical_foundation": "Equivariant Deep Learning (Gauge Equivariance)",
          "mechanism": "Manifold GCN with Geodesic Convolution and Riemannian Batch Norm",
          "fault_detection": "Gradient explosion/vanishing due to curvature effects",
          "detailed_mechanisms": {
            "tangent_projection": "Log-Map projection to tangent space for linear operations",
            "retraction": "Exp-Map retraction back to manifold after updates"
          }
        }
      },
      "manifold_optimization_algorithms": {
        "blueprint": {
          "mathematical_foundation": "Riemannian Optimization (Retraction-based descent)",
          "mechanism": "Riemannian Adam / Trust Region methods",
          "fault_detection": "Stagnation in local minima due to complex topology",
          "detailed_mechanisms": {
            "vector_transport": "Transporting momentum vectors along geodesics",
            "adaptive_scaling": "Scaling learning rates by the Riemannian metric tensor"
          }
        }
      },
      "geometric_statistical_inference": {
        "blueprint": {
          "mathematical_foundation": "Fr\u00e9chet Mean (Barycenter on Manifolds)",
          "mechanism": "Iterative gradient descent on squared geodesic distances",
          "fault_detection": "Non-convergence in positively curved spaces (non-uniqueness)",
          "detailed_mechanisms": {
            "variance_estimation": "Principal Geodesic Analysis (PGA) for spread",
            "hypothesis_testing": "Manifold-valued t-tests using Log-Map statistics"
          }
        }
      },
      "topological_data_analysis": {
        "blueprint": {
          "mathematical_foundation": "Algebraic Topology (Persistent Homology)",
          "mechanism": "Vietoris-Rips filtration and Persistence Diagram computation",
          "fault_detection": "Computational complexity explosion (Simplex count)",
          "detailed_mechanisms": {
            "boundary_matrix_reduction": "Gaussian elimination over Z_2 field",
            "bottleneck_distance": "Stability metric calculation for persistence diagrams"
          }
        }
      }
    }
  }
}