{
  "multi_scale_geometry": {
    "meta": {
      "description": "Hierarchical and fractal geometric structures for scaling",
      "parent_theme": "theme_3:multi_scale_geometry",
      "version": "1.0.0"
    },
    "implementations": {
      "multi_resolution_geometric_analysis": {
        "blueprint": {
          "mathematical_foundation": "Spectral Graph Theory (Laplace-Beltrami Spectrum)",
          "mechanism": "Diffusion Wavelets construction on manifolds",
          "fault_detection": "Basis ill-conditioning or numerical instability in eigendecomposition",
          "detailed_mechanisms": {
            "dyadic_powers": "Computing T^{2^j} of the diffusion operator",
            "orthogonalization": "Modified Gram-Schmidt for basis stability"
          }
        }
      },
      "hierarchical_geometric_embeddings": {
        "blueprint": {
          "mathematical_foundation": "Hyperbolic Geometry (Poincar\u00e9 Disk Model)",
          "mechanism": "Embedding tree structures into negative curvature space",
          "fault_detection": "Precision loss near boundary (floating point underflow)",
          "detailed_mechanisms": {
            "mobius_transformations": "Isometries for navigating the hyperbolic space",
            "distance_optimization": "Minimizing distortion of tree metric vs hyperbolic metric"
          }
        }
      },
      "geometric_renormalization_group": {
        "blueprint": {
          "mathematical_foundation": "Renormalization Group Flow (Scale Invariance)",
          "mechanism": "Block-spin transformations on simplicial complexes (Coarse-graining)",
          "fault_detection": "Loss of relevant topological features (Betti number change)",
          "detailed_mechanisms": {
            "decimation_rules": "Criteria for merging simplices (e.g., curvature preservation)",
            "coupling_adjustment": "Rescaling interaction strengths at coarser scales"
          }
        }
      },
      "scale_adaptive_algorithms": {
        "blueprint": {
          "mathematical_foundation": "Multigrid Methods (V-Cycle / W-Cycle)",
          "mechanism": "Level-of-Detail (LOD) switching based on local curvature variance",
          "fault_detection": "Aliasing artifacts or boundary discontinuities between scales",
          "detailed_mechanisms": {
            "error_estimation": "Local truncation error analysis",
            "prolongation_restriction": "Operators for transferring state between mesh resolutions"
          }
        }
      }
    }
  }
}