{
  "meta": {
    "id": "hypersync.core.node_lifecycle",
    "version": "1.1.0",
    "type": "behavior_spec",
    "description": "Defines the lifecycle states of a HyperSync Node, policies for interacting with nodes during high-load states, and local preemption protocols."
  },
  "definitions": {
    "node": {
      "description": "A logical unit consisting of one or more models running on the same Hypervisor (HVS) instance, sharing context and functioning as a single entity."
    },
    "agent": {
      "description": "A higher-level construct composed of a single node or a network of multiple nodes."
    }
  },
  "lifecycle_states": {
    "blueprint": {
      "mathematical_foundation": "Finite State Automata (DFA)",
      "mechanism": "State transition table with guarded transitions.",
      "fault_detection": "Invalid transition attempt or Deadlock state detection.",
      "detailed_mechanisms": {
        "states": {
          "INITIALIZING": "Node is loading models and establishing HVS context.",
          "IDLE": "Node is ready to accept standard work prompts.",
          "PROCESSING": "Node is actively executing a standard workload.",
          "BUSY_INTERROGATABLE": "Node is processing but explicitly accepting limited out-of-band queries.",
          "DRAINING": "Node is finishing current work but accepting no new standard work.",
          "FAULTED": "Node has encountered an unrecoverable error.",
          "SUSPENDED": "Node execution paused by local override/preemption."
        },
        "transitions": "Defined in state_transition_matrix.csv"
      }
    }
  },
  "busy_interrogation_policy": {
    "blueprint": {
      "mathematical_foundation": "Queueing Theory (Priority Queues)",
      "mechanism": "Side-channel interrupt handling with resource quotas.",
      "fault_detection": "Resource starvation of main task due to interrogation flood.",
      "detailed_mechanisms": {
        "trigger_conditions": [
          "state == PROCESSING",
          "state == BUSY_INTERROGATABLE"
        ],
        "constraints": {
          "max_tokens_per_response": 128,
          "allowed_topics": [
            "status_report",
            "health_check",
            "eta_calculation",
            "cancellation_request"
          ],
          "resource_reservation": {
            "compute_budget_percent": 5,
            "memory_overhead_mb": 256
          }
        },
        "interaction_templates": {
          "busy_wait": "I am currently working on [current_task_segment]. Estimated availability in [eta_minutes] minutes.",
          "referral": "I am at capacity. Please direct your request to [idle_peer_node_id].",
          "queue_ack": "Request received. Job queued as [queue_position] for execution upon completion of current task."
        }
      }
    }
  },
  "local_override_protocol": {
    "blueprint": {
      "mathematical_foundation": "Privilege Escalation Logic",
      "mechanism": "Token-based authentication for preemption signals.",
      "fault_detection": "Unauthorized override attempt or Audit log failure.",
      "detailed_mechanisms": {
        "auth_requirement": "local_credential_token",
        "bypass_central_dispatch": true,
        "preemption_behavior": {
          "action": "suspend_to_disk",
          "resume_policy": "manual_or_auto_on_idle"
        },
        "audit_trail": {
          "mode": "asynchronous_batch",
          "description": "Log override events locally and sync to central ledger post-facto."
        }
      }
    }
  }
}