{
  "meta": {
    "version": "1.0.0",
    "description": "Machine-readable definitions of core HyperSync concepts, entities, and mechanisms.",
    "last_updated": "2026-01-05"
  },
  "concepts": {
    "AcceptanceGate": {
      "type": "Mechanism",
      "definition": "A logic mechanism in the Geometry Engine that validates state transitions based on their geometric cost and drift. Anomalies trigger consensus reconfiguration.",
      "context": "Geometry Engine"
    },
    "Agent": {
      "type": "Entity",
      "definition": "Autonomous component that orchestrates operators and manages workflows.",
      "properties": {
        "orchestrates": [
          "Operator"
        ],
        "manages": [
          "Workflow"
        ]
      }
    },
    "AGUA": {
      "type": "System",
      "full_name": "Automated Geometric Universal Architecture",
      "definition": "The execution supervision and orchestration layer for HyperSync. Enforces Geometry Control Rulesets to ensure system stability.",
      "modes": [
        "Conservative Geometric Core",
        "Exploration & Research"
      ]
    },
    "AttestationValidationReceipt": {
      "type": "Artifact",
      "subtype": "Receipt",
      "definition": "A specific receipt type required for Core tier users to access op://network/ico/probe.",
      "requirement_for": [
        "Core Tier"
      ]
    },
    "Barycenter": {
      "type": "GeometricConcept",
      "definition": "The geometric 'center of mass' used to compute consensus in hyperbolic space.",
      "context": "Consensus"
    },
    "BuildReceipt": {
      "type": "Artifact",
      "subtype": "Receipt",
      "definition": "Cryptographic record of build process and transformations."
    },
    "CanonicalForm": {
      "type": "Concept",
      "definition": "Unique, standardized representation of data or specification."
    },
    "ConformanceTest": {
      "type": "Process",
      "definition": "Test ensuring implementation adheres to specification requirements."
    },
    "ConsensusTiers": {
      "type": "Mechanism",
      "definition": "A system of 14 consensus mechanisms integrated across service tiers, following the principle of Installation-based Enforcement."
    },
    "Curvature": {
      "type": "GeometricConcept",
      "definition": "Measure of how space deviates from Euclidean geometry."
    },
    "DeterminismTiers": {
      "type": "Classification",
      "alias": "D-Tiers",
      "definition": "Classification system for execution precision and reproducibility.",
      "levels": {
        "D0": "Fully Deterministic (Bit-exact)",
        "D1": "Statistically Deterministic (Epsilon tolerance)",
        "D2": "Non-Deterministic (Exploratory)"
      }
    },
    "DeterministicTransformation": {
      "type": "Process",
      "definition": "Transformation that always produces the same output for the same input."
    },
    "Drift": {
      "type": "GeometricConcept",
      "definition": "The tendency of a node or state to diverge from the consensus center. Naturally penalized by geometry."
    },
    "EpochTimestamp": {
      "type": "DataType",
      "definition": "Fixed timestamp used for reproducible builds."
    },
    "Geodesic": {
      "type": "GeometricConcept",
      "definition": "Shortest path between two points in hyperbolic space."
    },
    "Geoticket": {
      "type": "Artifact",
      "definition": "A cryptographically signed instruction set for a deterministic path that ignores the manifold geometry."
    },
    "HVS": {
      "type": "System",
      "full_name": "HyperVisual System",
      "definition": "The core vector communication and collaboration system of HyperSync. Enables direct vector-to-vector communication between models."
    },
    "HyperbolicGeometry": {
      "type": "GeometricConcept",
      "definition": "Non-Euclidean geometric space used by HyperSync for efficient representation and computation of hierarchical and distributed data structures."
    },
    "HyperSync": {
      "type": "System",
      "definition": "Geometry-aware orchestration and synchronization system for distributed computational workloads using hyperbolic geometry."
    },
    "Manifest": {
      "type": "Artifact",
      "definition": "Living document tracking all files, checksums, and metadata in the specification."
    },
    "Operator": {
      "type": "Entity",
      "definition": "Atomic computational unit in HyperSync that performs specific transformations or operations."
    },
    "PCT": {
      "type": "Framework",
      "full_name": "Pathfinder / Cartographer / Trailblazer",
      "definition": "The lifecycle framework for developing geometry-aware workflows.",
      "phases": [
        "Pathfinder",
        "Cartographer",
        "Trailblazer"
      ]
    },
    "PoincareDisk": {
      "type": "GeometricModel",
      "definition": "Hyperbolic geometry model used for visualization and computation."
    },
    "Policy": {
      "type": "Governance",
      "definition": "Declarative rules governing system behavior, resource allocation, and operational constraints."
    },
    "Receipt": {
      "type": "Artifact",
      "definition": "Cryptographic proof of computation or transformation, including checksums and transformation chain."
    },
    "RegionsOfInterest": {
      "type": "GeometricConcept",
      "alias": "ROIs",
      "definition": "Dynamically allocated subspaces for specific tenants or workloads, isolated by high-curvature ridges."
    },
    "SafetyFences": {
      "type": "Mechanism",
      "definition": "Geodesic polygons that bound the valid state space for an agent. Violation triggers GeometricSingularityError."
    },
    "ServiceTiers": {
      "type": "Classification",
      "definition": "The tiered access model defining feature sets and licensing.",
      "tiers": [
        "Core",
        "Basic",
        "Pro",
        "Advanced",
        "Quartermaster"
      ]
    },
    "SignatureReceipt": {
      "type": "Artifact",
      "subtype": "Receipt",
      "definition": "A specific receipt type required for Core tier users to access op://network/ico/probe.",
      "requirement_for": [
        "Core Tier"
      ]
    },
    "SingleBaseProgram": {
      "type": "Philosophy",
      "definition": "Philosophy where the specification is the canonical source of truth, free of build artifacts and patch logs."
    },
    "SpecFile": {
      "type": "Artifact",
      "definition": "Formal specification document defining system behavior or component."
    },
    "STUNIR": {
      "type": "System",
      "full_name": "Standardization Theorem Unique Normal Intermediate Reference",
      "definition": "Intermediate representation format ensuring deterministic transformations and providing cryptographic proof."
    },
    "Vectorization": {
      "type": "Process",
      "definition": "Process of converting documentation into embeddings for semantic search."
    },
    "VNES": {
      "type": "System",
      "full_name": "Vector-Native Extension System",
      "definition": "The universal runtime and development plane for HyperSync where all behaviors are treated as Vector Capsules.",
      "core_concept": "Capsule"
    },
    "Capsule": {
      "definition": "Modular unit of functionality in VNES."
    },
    "Geometry-aware Consensus": {
      "definition": "Consensus mechanism using Riemannian geometry."
    }
  }
}