{
  "chunk_size_bytes": 30000,
  "components": [
    {
      "files": [
        "components/schema-version/schema-version.json"
      ],
      "geometry_mode": "native",
      "merge": "replace",
      "migration_policy": "replace-old-techniques",
      "release_status": "pre-alpha",
      "stability": "experimental",
      "target_key": "schema_version",
      "unreleased": true
    },
    {
      "files": [
        "components/project/project-001.json"
      ],
      "geometry_mode": "native",
      "merge": "object",
      "migration_policy": "replace-old-techniques",
      "release_status": "pre-alpha",
      "stability": "experimental",
      "target_key": "project",
      "unreleased": true
    },
    {
      "files": [
        "components/dependency-policy/dependency-policy-001.json"
      ],
      "geometry_mode": "native",
      "merge": "object",
      "migration_policy": "replace-old-techniques",
      "release_status": "pre-alpha",
      "stability": "experimental",
      "target_key": "dependency_policy",
      "unreleased": true
    },
    {
      "files": [
        "components/packages/packages-001.json",
        "components/packages/packages-002.json",
        "components/packages/packages-003.json",
        "components/packages/packages-004.json",
        "components/packages/packages-005.json",
        "components/packages/packages-006.json",
        "components/packages/packages-007.json"
      ],
      "geometry_mode": "native",
      "merge": "array_concat",
      "migration_policy": "replace-old-techniques",
      "release_status": "pre-alpha",
      "stability": "experimental",
      "target_key": "packages",
      "unreleased": true
    },
    {
      "files": [
        "components/dispatch-map/dispatch-map-001.json"
      ],
      "geometry_mode": "native",
      "merge": "object",
      "migration_policy": "replace-old-techniques",
      "release_status": "pre-alpha",
      "stability": "experimental",
      "target_key": "dispatch_map",
      "unreleased": true
    },
    {
      "files": [
        "components/style/style-001.json"
      ],
      "geometry_mode": "native",
      "merge": "object",
      "migration_policy": "replace-old-techniques",
      "release_status": "pre-alpha",
      "stability": "experimental",
      "target_key": "style",
      "unreleased": true
    },
    {
      "files": [
        "components/hypersync-codegen-spec-json/hypersync-codegen-spec-json.json"
      ],
      "geometry_mode": "native",
      "merge": "array_concat",
      "migration_policy": "replace-old-techniques",
      "release_status": "pre-alpha",
      "stability": "experimental",
      "target_key": "hypersync_codegen_spec.json",
      "unreleased": true
    },
    {
      "files": [
        "components/implementations-json/implementations-json-001.json"
      ],
      "geometry_mode": "native",
      "merge": "array_concat",
      "migration_policy": "replace-old-techniques",
      "release_status": "pre-alpha",
      "stability": "experimental",
      "target_key": "implementations.json",
      "unreleased": true
    },
    {
      "files": [
        "specifications/core/service_tiers.spec.json"
      ],
      "geometry_mode": "native",
      "merge": "object",
      "migration_policy": "replace-old-techniques",
      "release_status": "pre-alpha",
      "stability": "experimental",
      "target_key": "service_tiers",
      "unreleased": true
    },
    {
      "files": [
        "specifications/core/vnes_libraries.spec.json"
      ],
      "geometry_mode": "native",
      "merge": "object",
      "migration_policy": "replace-old-techniques",
      "release_status": "pre-alpha",
      "stability": "experimental",
      "target_key": "vnes_libraries",
      "unreleased": true
    },
    {
      "files": [
        "service_tiers.spec.json"
      ],
      "geometry_mode": "native",
      "merge": "replace",
      "migration_policy": "replace-old-techniques",
      "release_status": "pre-alpha",
      "stability": "experimental",
      "target_key": "service_tiers",
      "unreleased": true
    },
    {
      "files": [
        "vnes_libraries.spec.json"
      ],
      "geometry_mode": "native",
      "merge": "replace",
      "migration_policy": "replace-old-techniques",
      "release_status": "pre-alpha",
      "stability": "experimental",
      "target_key": "vnes_libraries",
      "unreleased": true
    }
  ],
  "geometry_mode": "native",
  "migration_policy": "replace-old-techniques",
  "name": "hypersync-codegen-spec-pack",
  "pretty": true,
  "release_status": "pre-alpha",
  "sort_keys": true,
  "source": "originals/hypersync_codegen_spec.json",
  "stability": "experimental",
  "unreleased": true,
  "targets": "targets.spec.json",
  "stunir_profile": "stunir_profile.spec.json",
  "specifications/core/consensus_logic.spec.json": "1.0.0",
  "specifications/geometry/advanced_consensus.spec.json": "1.0.0",
  "specifications/policies/federated_policy_overwatch.json": "1.0.0",
  "specifications/policies/fault_detection.spec.json": "1.0.0",
  "specifications/policies/evidence_path_policies.json": "1.0.0",
  "specifications/core/consensus/consensus_capsules.spec.json": "1.0.0",
  "specifications/policies/policy_capsules.spec.json": "1.0.0"
}