{
  "statistical_mechanisms": {
    "meta": {
      "description": "Rigorous definitions for statistical measures in geometric and degraded contexts",
      "status": "DRAFT",
      "math_profile": "Robust-Geometric",
      "semantic_constraint": "ALL operations must be Manifold-Native. No Euclidean fallbacks."
    },
    "measures": {
      "pearson_r": {
        "variants": {
          "standard": {
            "blueprint": {
              "mathematical_foundation": "Tangent Space Covariance (Log-Map Linearization)",
              "mechanism": "Compute Fr\u00e9chet Mean mu; Map points to T_mu M via Log_mu; Compute standard Pearson on tangent vectors.",
              "fault_detection": "Tangent vector norm > Injectivity Radius (Cut Locus violation)",
              "detailed_mechanisms": {
                "centering": "Iterative Fr\u00e9chet mean computation (Gradient Descent)",
                "normalization": "Division by geometric standard deviation (Root Mean Square of geodesic distances)"
              }
            }
          },
          "robust": {
            "blueprint": {
              "mathematical_foundation": "M-Estimators on Manifolds (Huber Loss)",
              "mechanism": "Winsorized Pearson: Geodesic Truncation of outliers beyond radius R before covariance computation.",
              "fault_detection": "Truncation fraction > threshold (Distribution Shift)",
              "detailed_mechanisms": {
                "outlier_identification": "Points with d_M(x, mu) > k * sigma",
                "projection": "Replace x with Exp_mu( (R/d) * Log_mu(x) )"
              }
            }
          },
          "streaming": {
            "blueprint": {
              "mathematical_foundation": "Online Welford Algorithm on Riemannian Manifolds",
              "mechanism": "Incremental update of Mean and M2 statistics using Parallel Transport between steps.",
              "fault_detection": "Numerical instability in parallel transport (Holonomy error accumulation)",
              "detailed_mechanisms": {
                "transport_step": "Transport previous M2 tensor to new mean's tangent space",
                "update_step": "Combine transported M2 with new sample contribution"
              }
            }
          }
        }
      },
      "spearman_rho": {
        "variants": {
          "manifold_rank": {
            "blueprint": {
              "mathematical_foundation": "Order Statistics on Metric Spaces",
              "mechanism": "Rank points based on Geodesic Distance from a reference Origin (or Anchor).",
              "fault_detection": "Ambiguous ranking due to equidistant points (Measure zero check)",
              "detailed_mechanisms": {
                "sorting": "Quicksort on d_M(Origin, x_i)",
                "tie_breaking": "Lexicographic ordering using angular coordinates in Tangent Space"
              }
            }
          },
          "approx_binned": {
            "blueprint": {
              "mathematical_foundation": "Geometric Quantization (Voronoi Partitioning)",
              "mechanism": "Map points to Voronoi cells of a fixed atlas; Rank based on cell index/weight.",
              "fault_detection": "Empty cell dominance (Mode collapse)",
              "detailed_mechanisms": {
                "hashing": "Locality Sensitive Hashing (LSH) for fast cell lookup",
                "accumulation": "Histogram-based rank estimation"
              }
            }
          }
        }
      },
      "kendall_tau": {
        "variants": {
          "geometric_tau_b": {
            "blueprint": {
              "mathematical_foundation": "Kemeny-Snell Distance / Concordance",
              "mechanism": "Count concordant vs discordant pairs based on geodesic distance ordering.",
              "fault_detection": "Combinatorial explosion (N^2 check) - Timeout",
              "detailed_mechanisms": {
                "pair_evaluation": "Sign(d_M(A, B) - d_M(A, C)) * Sign(d_M(A', B') - d_M(A', C'))",
                "normalization": "Adjustment for ties in geodesic distance (Tau-b denominator)"
              }
            }
          }
        }
      }
    }
  }
}