{
  "meta": {
    "version": "1.1.0",
    "description": "Configuration profile for STUNIR build harness. Optimized for high-security, minimal-dependency environments.",
    "status": "ALPHA"
  },
  "config": {
    "float_policy": "float64_fixed",
    "determinism_level": "strict",
    "epoch_source": "derived_spec_digest",
    "verification_profile": "shell_native",
    "required_tools": [
      "sh",
      "sha256sum"
    ]
  },
  "env_vars": {
    "STUNIR_CBOR_FLOAT_POLICY": "float64_fixed",
    "STUNIR_STRICT_MODE": "1",
    "STUNIR_PROFILE": "shell_native"
  },
  "process_optimizations": {
    "parallel_hashing": {
      "enabled": true,
      "workers": "auto",
      "strategy": "merkle_tree_sharding"
    },
    "incremental_builds": {
      "enabled": true,
      "cache_strategy": "content_addressable",
      "artifact_retention": "lru"
    },
    "bloom_filter_indexing": {
      "enabled": true,
      "false_positive_rate": 0.001
    }
  },
  "mathematical_foundations": {
    "determinism_guarantee": {
      "principle": "Commutativity of Floating Point Operations",
      "enforcement": "Strict IEEE 754-2008 compliance with fixed rounding mode (Round-to-Nearest-Even)."
    },
    "hashing_stability": {
      "algorithm": "SHA-256",
      "property": "Collision resistance implies unique artifact identification."
    }
  },
  "fault_detection": {
    "environment_drift": {
      "check": "Compare env_vars against captured build receipt",
      "action": "Fail build if critical vars (STUNIR_*) differ."
    },
    "checksum_mismatch": {
      "check": "Verify input file hashes against manifest before processing",
      "action": "Halt immediately to prevent poisoned build."
    }
  },
  "detailed_mechanisms": {
    "epoch_derivation": {
      "input": "Sorted list of all spec file hashes",
      "process": "Merkle Root calculation",
      "output": "Unique Epoch ID for the build."
    },
    "profile_enforcement": {
      "mechanism": "LD_PRELOAD injection (Linux) or DYLD_INSERT_LIBRARIES (macOS)",
      "purpose": "Intercept non-deterministic syscalls (e.g., time, random)."
    }
  }
}