{
  "path": "/current/specifications",
  "id": "1HBugaL6qtP2HpAmAppW2H2HygADDH357",
  "contents": [
    {
      "name": "ico",
      "id": "1B3qqWNDcb47gxyjFR4gPuehJ8Ki9cdPo",
      "type": "folder"
    },
    {
      "name": "geometry",
      "id": "1Ub5WzfGLMSR4LveUCo9Un22zdUFdDVEk",
      "type": "folder"
    },
    {
      "name": "config",
      "id": "1RL4r4zwfKeq6vATq6ALU3Hp2zhYZ1l0E",
      "type": "folder"
    },
    {
      "name": "core",
      "id": "1XWaSTEfYvE3k6OtY0wtYOjesPY2LvCsA",
      "type": "folder"
    },
    {
      "name": "integration",
      "id": "15Ck_Gi8wJUd1D2wAu5wE193KBmuxD5ew",
      "type": "folder"
    },
    {
      "name": "environment",
      "id": "1xkmqhT-HQlUyz15ZwgLj2f5wqcoRVZwj",
      "type": "folder"
    },
    {
      "name": "vnes",
      "id": "1LT7KpLVUa-15duOjiRoaCgjmxrQ-o6JL",
      "type": "folder"
    },
    {
      "name": "ops",
      "id": "15jGgX8XzNx-rIdRseeTZ9CzzTiqVKnp0",
      "type": "folder"
    },
    {
      "name": "schemas",
      "id": "1lZYyKs_zk6QQOQEhJH5qZNEYU9c_MT8_",
      "type": "folder"
    },
    {
      "name": "policies",
      "id": "1iMyK2O9oMfnuCgpI42gCl9G2Cf2NN4J6",
      "type": "folder"
    },
    {
      "name": "sdl",
      "id": "1OD5nbisLyABNY8_PhU9ZzTHynG6_xbxe",
      "type": "folder"
    },
    {
      "name": "api",
      "id": "1PSnTaRVvbacF7v2WCP6GhYfIq0OKvq0k",
      "type": "folder"
    },
    {
      "name": "subsystems",
      "id": "11r24pFAqvD_XQYtu9Ey2zYS3pTESUYtD",
      "type": "folder"
    },
    {
      "name": "spec_manifest_updated.json",
      "id": "1OzkgsI6GkuMzeSuoRHJEAlFNf95LakZm",
      "type": "file"
    },
    {
      "name": "index.json",
      "id": "1FY7jNbFWNavtyujHiCRYHRdedI2uS7BJ",
      "type": "file"
    }
  ]
}