{
  "entries": [
    {
      "doc": "Route to best anchor using geodesic top-k + policy filter",
      "geometry_mode": "native",
      "migration_policy": "replace-old-techniques",
      "op_name": "ops.routing.route_path",
      "release_status": "pre-alpha",
      "stability": "experimental",
      "target": "ops/routing.py:route",
      "unreleased": true
    },
    {
      "doc": "Compute next hop in routing graph",
      "geometry_mode": "native",
      "migration_policy": "replace-old-techniques",
      "op_name": "ops.routing.next_hop",
      "release_status": "pre-alpha",
      "stability": "experimental",
      "target": "ops/routing.py:next_hop",
      "unreleased": true
    },
    {
      "doc": "Consensus on manifolds",
      "geometry_mode": "native",
      "migration_policy": "replace-old-techniques",
      "op_name": "ops.sync.riemannian_consensus",
      "release_status": "pre-alpha",
      "stability": "experimental",
      "target": "ops/consensus.py:riemannian_consensus",
      "unreleased": true
    },
    {
      "doc": "Riemannian SGD (intrinsic hyperbolic)",
      "geometry_mode": "native",
      "migration_policy": "replace-old-techniques",
      "op_name": "ops.optimization.rsgd_intrinsic",
      "release_status": "pre-alpha",
      "stability": "experimental",
      "target": "ops/optimization.py:rsgd_intrinsic",
      "unreleased": true
    },
    {
      "doc": "Privacy through geometric noise (intrinsic)",
      "geometry_mode": "native",
      "migration_policy": "replace-old-techniques",
      "op_name": "security.privacy.native_hyperbolic_privacy",
      "release_status": "pre-alpha",
      "stability": "experimental",
      "target": "security/privacy.py:native_hyperbolic_privacy",
      "unreleased": true
    },
    {
      "doc": "DP noise in geodesic space",
      "geometry_mode": "native",
      "migration_policy": "replace-old-techniques",
      "op_name": "security.privacy.geodesic_noise",
      "release_status": "pre-alpha",
      "stability": "experimental",
      "target": "security/privacy.py:geodesic_noise",
      "unreleased": true
    },
    {
      "doc": "Inclusive Riemannian barycenter (no outlier assassination)",
      "geometry_mode": "native",
      "migration_policy": "replace-old-techniques",
      "op_name": "policy.consensus.riemannian_barycenter_respectful",
      "release_status": "pre-alpha",
      "stability": "experimental",
      "target": "policy/consensus.py:riemannian_barycenter_respectful",
      "unreleased": true
    },
    {
      "doc": "Byzantine resilient consensus",
      "geometry_mode": "native",
      "migration_policy": "replace-old-techniques",
      "op_name": "policy.consensus.byzantine_resilient_consensus",
      "release_status": "pre-alpha",
      "stability": "experimental",
      "target": "policy/consensus.py:byzantine_resilient_consensus",
      "unreleased": true
    },
    {
      "doc": "Produce model health snapshot",
      "geometry_mode": "native",
      "migration_policy": "replace-old-techniques",
      "op_name": "ops.health.model_health_snapshot",
      "release_status": "pre-alpha",
      "stability": "experimental",
      "target": "ops/health.py:model_health_snapshot",
      "unreleased": true
    },
    {
      "doc": "Detect and respond to black hole attacks via density/curvature.",
      "geometry_mode": "native",
      "migration_policy": "replace-old-techniques",
      "op_name": "security.detection.detect_black_hole_attack",
      "release_status": "pre-alpha",
      "stability": "experimental",
      "target": "security/detection.py:detect_black_hole_attack",
      "unreleased": true
    },
    {
      "doc": "Detect unauthorized holonomy manipulation.",
      "geometry_mode": "native",
      "migration_policy": "replace-old-techniques",
      "op_name": "security.detection.detect_holonomy_manipulation",
      "release_status": "pre-alpha",
      "stability": "experimental",
      "target": "security/detection.py:detect_holonomy_manipulation",
      "unreleased": true
    },
    {
      "doc": "Detect unstable routing patterns indicative of attack or instability.",
      "geometry_mode": "native",
      "migration_policy": "replace-old-techniques",
      "op_name": "security.detection.detect_route_flapping",
      "release_status": "pre-alpha",
      "stability": "experimental",
      "target": "security/detection.py:detect_route_flapping",
      "unreleased": true
    },
    {
      "doc": "Scoped geometric kill switch.",
      "geometry_mode": "native",
      "migration_policy": "replace-old-techniques",
      "op_name": "security.kill_switch.activate_geometric_kill_switch",
      "release_status": "pre-alpha",
      "stability": "experimental",
      "target": "security/kill_switch.py:activate_geometric_kill_switch",
      "unreleased": true
    },
    {
      "doc": "Curvature-based access control.",
      "geometry_mode": "native",
      "migration_policy": "replace-old-techniques",
      "op_name": "security.policy.validate_geometric_clearance",
      "release_status": "pre-alpha",
      "stability": "experimental",
      "target": "security/policy.py:validate_geometric_clearance",
      "unreleased": true
    },
    {
      "doc": "DP noise directly on the manifold.",
      "geometry_mode": "native",
      "migration_policy": "replace-old-techniques",
      "op_name": "security.privacy.add_geodesic_noise",
      "release_status": "pre-alpha",
      "stability": "experimental",
      "target": "security/privacy.py:add_geodesic_noise",
      "unreleased": true
    },
    {
      "doc": "Curvature-based access control",
      "geometry_mode": "native",
      "migration_policy": "replace-old-techniques",
      "op_name": "security.geodesic.curvature_based_access",
      "release_status": "pre-alpha",
      "stability": "experimental",
      "target": "security/geometric_security.py:curvature_based_access",
      "unreleased": true
    },
    {
      "doc": "Holonomy-based intrusion detection",
      "geometry_mode": "native",
      "migration_policy": "replace-old-techniques",
      "op_name": "security.geodesic.detect_intrusion",
      "release_status": "pre-alpha",
      "stability": "experimental",
      "target": "security/geometric_security.py:detect_geometric_intrusion",
      "unreleased": true
    },
    {
      "doc": "Activate a scoped geometric kill switch",
      "geometry_mode": "native",
      "migration_policy": "replace-old-techniques",
      "op_name": "security.kill_switch.activate_geometric",
      "release_status": "pre-alpha",
      "stability": "experimental",
      "target": "security/kill_switch.py:activate_geometric_kill_switch",
      "unreleased": true
    },
    {
      "doc": "Enforce operation-level geometric security policy",
      "geometry_mode": "native",
      "migration_policy": "replace-old-techniques",
      "op_name": "policy.evaluate.enforce_geometric_security_policy",
      "release_status": "pre-alpha",
      "stability": "experimental",
      "target": "policy/evaluate.py:enforce_geometric_security_policy",
      "unreleased": true
    },
    {
      "doc": "Byzantine-resistant geometric consensus",
      "geometry_mode": "native",
      "migration_policy": "replace-old-techniques",
      "op_name": "policy.consensus.secure_geometric_consensus",
      "release_status": "pre-alpha",
      "stability": "experimental",
      "target": "policy/consensus.py:secure_geometric_consensus",
      "unreleased": true
    },
    {
      "doc": "Geometric voting with proof",
      "geometry_mode": "native",
      "migration_policy": "replace-old-techniques",
      "op_name": "policy.consensus.geometric_vote_cast",
      "release_status": "pre-alpha",
      "stability": "experimental",
      "target": "policy/consensus.py:geometric_vote_cast",
      "unreleased": true
    },
    {
      "doc": "DP-preserving geometric aggregation",
      "geometry_mode": "native",
      "migration_policy": "replace-old-techniques",
      "op_name": "security.privacy.private_geometric_aggregate",
      "release_status": "pre-alpha",
      "stability": "experimental",
      "target": "security/privacy.py:private_geometric_aggregate",
      "unreleased": true
    },
    {
      "doc": "Secure shadow bundle extraction",
      "geometry_mode": "native",
      "migration_policy": "replace-old-techniques",
      "op_name": "security.shadow.secure_shadow_extraction",
      "release_status": "pre-alpha",
      "stability": "experimental",
      "target": "security/shadow_bundles.py:secure_shadow_extraction",
      "unreleased": true
    },
    {
      "doc": "Monitor and score geometric anomalies",
      "geometry_mode": "native",
      "migration_policy": "replace-old-techniques",
      "op_name": "security.detection.monitor_anomalies",
      "release_status": "pre-alpha",
      "stability": "experimental",
      "target": "security/detection.py:monitor_geometric_anomalies",
      "unreleased": true
    },
    {
      "doc": "Predict and prevent geometric incidents",
      "geometry_mode": "native",
      "migration_policy": "replace-old-techniques",
      "op_name": "security.detection.predictive_security",
      "release_status": "pre-alpha",
      "stability": "experimental",
      "target": "security/detection.py:predictive_geometric_security",
      "unreleased": true
    },
    {
      "doc": "Curvature-based access control",
      "geometry_mode": "native",
      "migration_policy": "replace-old-techniques",
      "op_name": "security.geodesic.curvature_based_access",
      "release_status": "pre-alpha",
      "stability": "experimental",
      "target": "security/geometric_security.py:curvature_based_access",
      "unreleased": true
    },
    {
      "doc": "Holonomy-based intrusion detection",
      "geometry_mode": "native",
      "migration_policy": "replace-old-techniques",
      "op_name": "security.geodesic.detect_intrusion",
      "release_status": "pre-alpha",
      "stability": "experimental",
      "target": "security/geometric_security.py:detect_geometric_intrusion",
      "unreleased": true
    },
    {
      "doc": "Activate a scoped geometric kill switch",
      "geometry_mode": "native",
      "migration_policy": "replace-old-techniques",
      "op_name": "security.kill_switch.activate_geometric",
      "release_status": "pre-alpha",
      "stability": "experimental",
      "target": "security/kill_switch.py:activate_geometric_kill_switch",
      "unreleased": true
    },
    {
      "doc": "Enforce operation-level geometric security policy",
      "geometry_mode": "native",
      "migration_policy": "replace-old-techniques",
      "op_name": "policy.evaluate.enforce_geometric_security_policy",
      "release_status": "pre-alpha",
      "stability": "experimental",
      "target": "policy/evaluate.py:enforce_geometric_security_policy",
      "unreleased": true
    },
    {
      "doc": "Byzantine-resistant geometric consensus",
      "geometry_mode": "native",
      "migration_policy": "replace-old-techniques",
      "op_name": "policy.consensus.secure_geometric_consensus",
      "release_status": "pre-alpha",
      "stability": "experimental",
      "target": "policy/consensus.py:secure_geometric_consensus",
      "unreleased": true
    },
    {
      "doc": "Geometric voting with proof",
      "geometry_mode": "native",
      "migration_policy": "replace-old-techniques",
      "op_name": "policy.consensus.geometric_vote_cast",
      "release_status": "pre-alpha",
      "stability": "experimental",
      "target": "policy/consensus.py:geometric_vote_cast",
      "unreleased": true
    },
    {
      "doc": "DP-preserving geometric aggregation",
      "geometry_mode": "native",
      "migration_policy": "replace-old-techniques",
      "op_name": "security.privacy.private_geometric_aggregate",
      "release_status": "pre-alpha",
      "stability": "experimental",
      "target": "security/privacy.py:private_geometric_aggregate",
      "unreleased": true
    },
    {
      "doc": "Secure shadow bundle extraction",
      "geometry_mode": "native",
      "migration_policy": "replace-old-techniques",
      "op_name": "security.shadow.secure_shadow_extraction",
      "release_status": "pre-alpha",
      "stability": "experimental",
      "target": "security/shadow_bundles.py:secure_shadow_extraction",
      "unreleased": true
    },
    {
      "doc": "Monitor and score geometric anomalies",
      "geometry_mode": "native",
      "migration_policy": "replace-old-techniques",
      "op_name": "security.detection.monitor_anomalies",
      "release_status": "pre-alpha",
      "stability": "experimental",
      "target": "security/detection.py:monitor_geometric_anomalies",
      "unreleased": true
    },
    {
      "doc": "Predict and prevent geometric incidents",
      "geometry_mode": "native",
      "migration_policy": "replace-old-techniques",
      "op_name": "security.detection.predictive_security",
      "release_status": "pre-alpha",
      "stability": "experimental",
      "target": "security/detection.py:predictive_geometric_security",
      "unreleased": true
    },
    {
      "doc": "Compute \u03ba-density, generate hyperboloid positions, validate invariants, capability-aware clustering",
      "geometry_mode": "native",
      "migration_policy": "replace-old-techniques",
      "op_name": "geometry.anchors.establish_geometric_anchors",
      "release_status": "pre-alpha",
      "stability": "experimental",
      "target": "geometry/anchors.py:establish_geometric_anchors",
      "unreleased": true
    },
    {
      "doc": "Select stable read-only anchors, create geometric attestations, and configure monitoring baselines",
      "geometry_mode": "native",
      "migration_policy": "replace-old-techniques",
      "op_name": "security.monitoring.deploy_read_only_anchors",
      "release_status": "pre-alpha",
      "stability": "experimental",
      "target": "security/geometric_monitoring.py:deploy_read_only_anchors",
      "unreleased": true
    },
    {
      "doc": "Detect black hole formation, holonomy manipulation, and Sybil injections",
      "geometry_mode": "native",
      "migration_policy": "replace-old-techniques",
      "op_name": "security.monitoring.detect_geometric_attacks",
      "release_status": "pre-alpha",
      "stability": "experimental",
      "target": "security/geometric_monitoring.py:detect_geometric_attacks",
      "unreleased": true
    },
    {
      "doc": "Domain-native distance in declared curvature/metric",
      "geometry_mode": "native",
      "migration_policy": "replace-old-techniques",
      "op_name": "domains.distance",
      "release_status": "pre-alpha",
      "stability": "experimental",
      "target": "domains/domain_shim.py:distance_domain",
      "unreleased": true
    },
    {
      "doc": "Map from domain to canonical K0",
      "geometry_mode": "native",
      "migration_policy": "replace-old-techniques",
      "op_name": "domains.map_to_canonical",
      "release_status": "pre-alpha",
      "stability": "experimental",
      "target": "domains/domain_shim.py:map_to_canonical",
      "unreleased": true
    },
    {
      "doc": "Map from canonical K0 to domain",
      "geometry_mode": "native",
      "migration_policy": "replace-old-techniques",
      "op_name": "domains.map_from_canonical",
      "release_status": "pre-alpha",
      "stability": "experimental",
      "target": "domains/domain_shim.py:map_from_canonical",
      "unreleased": true
    },
    {
      "doc": "One epoch across multi-domain batches with alignment losses",
      "geometry_mode": "native",
      "migration_policy": "replace-old-techniques",
      "op_name": "training.omnibus.train_epoch",
      "release_status": "pre-alpha",
      "stability": "experimental",
      "target": "training/omnibus.py:train_epoch",
      "unreleased": true
    }
  ],
  "geometry_mode": "native",
  "migration_policy": "replace-old-techniques",
  "release_status": "pre-alpha",
  "stability": "experimental",
  "unreleased": true
}