{
  "$schema": "https://hypersync.io/schemas/consensus_tier_mapping.schema.json",
  "created": "2025-11-18T09:26:32.734594",
  "description": "Master mapping of consensus mechanisms to service tiers",
  "enforcement_model": {
    "description": "Users only receive mechanisms installed for their tier",
    "philosophy": [
      "Installation-based enforcement (users only get what's installed)",
      "Resource-based allocation (heavier mechanisms \u2192 higher tiers)",
      "Attestation alignment (lower tiers = lighter validation)",
      "Safety-first (even CORE gets simple BFT for robotics)",
      "Simplicity scales down (lighter mechanisms available to more tiers)"
    ],
    "runtime_checks": false,
    "type": "installation_based"
  },
  "mechanism_summary": {
    "by_weight": {
      "heavy": [
        "byzantine_fault_tolerant",
        "tendermint",
        "hotstuff"
      ],
      "light": [
        "simple_bft",
        "quorum_based"
      ],
      "lightweight": [
        "gossip_protocol",
        "vector_clock",
        "crdt",
        "merkle_tree"
      ],
      "moderate": [
        "raft",
        "paxos",
        "proof_of_stake"
      ],
      "very_heavy": [
        "riemannian_barycenter",
        "geometric_consensus"
      ]
    },
    "total_mechanisms": 14
  },
  "tiers": {
    "Advanced": {
      "attestation_level": "axiomatic_operator",
      "display_name": "Advanced",
      "features": {
        "byzantine_protection": "full",
        "encrypted_export": true,
        "geodesic_routing": true,
        "registry_mode": [
          "full"
        ],
        "release_channels": true,
        "slip_routing": true
      },
      "inherits_from": "PRO",
      "mechanisms": [
        {
          "id": "byzantine_fault_tolerant",
          "name": "Byzantine Fault Tolerant (BFT)",
          "primary_use": "Full Byzantine protection",
          "weight": "heavy"
        },
        {
          "id": "tendermint",
          "name": "Tendermint",
          "primary_use": "Modern BFT with finality",
          "weight": "heavy"
        },
        {
          "id": "hotstuff",
          "name": "HotStuff",
          "primary_use": "Optimized BFT for large networks",
          "weight": "heavy"
        }
      ],
      "resource_profile": {
        "dimensions": 32,
        "gpu_budget_ms": 400,
        "memory_budget_mb": 2048,
        "nodes": null,
        "soft_max_dimensions": 64,
        "time_budget_ms": 600
      },
      "tier_id": "Advanced",
      "tier_position": 4,
      "total_mechanisms": 12,
      "use_case": "Enterprise deployments, unlimited nodes"
    },
    "Basic": {
      "attestation_level": "client_banking",
      "display_name": "Basic",
      "features": {
        "byzantine_protection": "simple",
        "geodesic_routing": false,
        "slip_routing": true
      },
      "inherits_from": "CORE",
      "mechanisms": [
        {
          "id": "quorum_based",
          "name": "Quorum-based",
          "primary_use": "Simple voting, coordination",
          "weight": "light"
        },
        {
          "id": "raft",
          "name": "Raft",
          "primary_use": "Leader election, log replication",
          "weight": "moderate"
        }
      ],
      "resource_profile": {
        "dimensions": 12,
        "gpu_budget_ms": 400,
        "memory_budget_mb": 2048,
        "nodes": 12,
        "time_budget_ms": 600
      },
      "tier_id": "Basic",
      "tier_position": 2,
      "total_mechanisms": 7,
      "use_case": "Small production deployments, basic features"
    },
    "CORE": {
      "attestation_level": "oss_minimal",
      "display_name": "CORE",
      "features": {
        "byzantine_protection": "simple",
        "geodesic_routing": false,
        "slip_routing": false
      },
      "mechanisms": [
        {
          "id": "gossip_protocol",
          "name": "Gossip Protocol",
          "primary_use": "Event propagation, peer discovery",
          "weight": "lightweight"
        },
        {
          "id": "vector_clock",
          "name": "Vector Clock",
          "primary_use": "Causality tracking, ordering",
          "weight": "lightweight"
        },
        {
          "id": "crdt",
          "name": "CRDT",
          "primary_use": "Conflict-free replication",
          "weight": "lightweight"
        },
        {
          "id": "merkle_tree",
          "name": "Merkle Tree",
          "primary_use": "Data integrity, verification",
          "weight": "lightweight"
        },
        {
          "id": "simple_bft",
          "name": "Simple BFT",
          "primary_use": "Safety-critical applications, robotics",
          "safety_critical": true,
          "weight": "light"
        }
      ],
      "resource_profile": {
        "dimensions": 12,
        "gpu_budget_ms": 0,
        "memory_budget_mb": 512,
        "nodes": 8,
        "time_budget_ms": 300
      },
      "tier_id": "CORE",
      "tier_position": 1,
      "total_mechanisms": 5,
      "use_case": "Home labs, OSS, development, robotics prototyping"
    },
    "PRO": {
      "attestation_level": "operator_confidence",
      "display_name": "PRO",
      "features": {
        "byzantine_protection": "simple",
        "geodesic_routing": false,
        "registry_mode": [
          "lite",
          "full"
        ],
        "release_channels": true,
        "slip_routing": true
      },
      "inherits_from": "Basic",
      "mechanisms": [
        {
          "id": "paxos",
          "name": "Paxos",
          "primary_use": "Robust consensus, fault tolerance",
          "weight": "moderate"
        },
        {
          "id": "proof_of_stake",
          "name": "Proof of Stake",
          "primary_use": "Energy-efficient validation",
          "weight": "moderate"
        }
      ],
      "resource_profile": {
        "dimensions": 32,
        "gpu_budget_ms": 400,
        "memory_budget_mb": 2048,
        "nodes": 24,
        "time_budget_ms": 600
      },
      "tier_id": "PRO",
      "tier_position": 3,
      "total_mechanisms": 9,
      "use_case": "Professional production deployments"
    },
    "QM_Campaign": {
      "attestation_level": "enterprise_strong",
      "display_name": "QM Campaign",
      "features": {
        "byzantine_protection": "full",
        "geodesic_routing": true,
        "geometric_consensus": true,
        "slip_routing": true
      },
      "inherits_from": "Advanced",
      "mechanisms": [
        {
          "id": "riemannian_barycenter",
          "name": "Riemannian Barycenter",
          "primary_use": "Geometric consensus on manifolds",
          "weight": "very_heavy"
        },
        {
          "id": "geometric_consensus",
          "name": "Geometric Consensus",
          "primary_use": "Full geometric synchronization",
          "weight": "very_heavy"
        }
      ],
      "resource_profile": {
        "dimensions": 32,
        "gpu_budget_ms": 600,
        "memory_budget_mb": 4096,
        "nodes": null,
        "soft_max_dimensions": 64,
        "time_budget_ms": 800
      },
      "tier_id": "QM_Campaign",
      "tier_position": 6,
      "total_mechanisms": 14,
      "use_case": "Quantum-grade campaign tier, strong attestation"
    },
    "QM_Imperium": {
      "attestation_level": "enterprise_strict",
      "display_name": "QM Imperium",
      "features": {
        "byzantine_protection": "full",
        "geodesic_routing": true,
        "geometric_consensus": true,
        "slip_routing": true
      },
      "inherits_from": "Advanced",
      "mechanisms": [
        {
          "id": "riemannian_barycenter",
          "name": "Riemannian Barycenter",
          "primary_use": "Geometric consensus on manifolds",
          "weight": "very_heavy"
        },
        {
          "id": "geometric_consensus",
          "name": "Geometric Consensus",
          "primary_use": "Full geometric synchronization",
          "weight": "very_heavy"
        }
      ],
      "resource_profile": {
        "dimensions": 32,
        "gpu_budget_ms": 400,
        "memory_budget_mb": 2048,
        "nodes": null,
        "soft_max_dimensions": 64,
        "time_budget_ms": 600
      },
      "tier_id": "QM_Imperium",
      "tier_position": 7,
      "total_mechanisms": 14,
      "use_case": "Quantum-grade imperium tier, strictest attestation"
    },
    "QM_Venture": {
      "attestation_level": "enterprise_enhanced",
      "display_name": "QM Venture",
      "features": {
        "byzantine_protection": "full",
        "geodesic_routing": true,
        "geometric_consensus": true,
        "slip_routing": true
      },
      "inherits_from": "Advanced",
      "mechanisms": [
        {
          "id": "riemannian_barycenter",
          "name": "Riemannian Barycenter",
          "primary_use": "Geometric consensus on manifolds",
          "weight": "very_heavy"
        },
        {
          "id": "geometric_consensus",
          "name": "Geometric Consensus",
          "primary_use": "Full geometric synchronization",
          "weight": "very_heavy"
        }
      ],
      "resource_profile": {
        "dimensions": 32,
        "gpu_budget_ms": 500,
        "memory_budget_mb": 2048,
        "nodes": null,
        "soft_max_dimensions": 64,
        "time_budget_ms": 700
      },
      "tier_id": "QM_Venture",
      "tier_position": 5,
      "total_mechanisms": 14,
      "use_case": "Quantum-grade venture tier, enhanced attestation"
    }
  }
}