{
  "capabilities": {
    "enable_black_holes": true,
    "enable_cosmologies": true,
    "enable_time_varying": true
  },
  "policies": {
    "enforce_causality": true,
    "enforce_horizon_acl": true,
    "require_attestation": false
  },
  "registry": {
    "auto_register": true,
    "default_domain": "flat_minkowski",
    "enabled_domains": [
      "hyperboloid",
      "sphere",
      "flat_minkowski",
      "ads_space",
      "schwarzschild",
      "kerr",
      "frw_cosmology",
      "inflationary",
      "cyclic"
    ]
  },
  "routing": {
    "enable_cross_curvature": true,
    "max_transition_hops": 5,
    "transition_cost_model": "curvature_based"
  },
  "validation": {
    "strict_mode": false,
    "validate_on_create": true,
    "validate_transitions": true
  }
}