{
  "entries": [
    {
      "files": {
        "schemas/geometry/map.h2e.schema.json": 1,
        "schemas/geometry/map.s2e.schema.json": 1,
        "schemas/geometry/pipeline.profile.schema.json": 1,
        "schemas/media/raw.reveal.request.schema.json": 1,
        "schemas/media/reconstruction.instructions.schema.json": 1,
        "schemas/media/segment.commitment.schema.json": 1,
        "schemas/media/surrogate.recipe.schema.json": 1,
        "schemas/planner/conformance_result.v1.schema.json": 1,
        "schemas/planner/route_plan.schema.json": 1,
        "schemas/planner/routing.rules.v1.schema.json": 1,
        "schemas/planner/solver_manifest.v1.schema.json": 1,
        "schemas/receipts/CausalEnvelopeReceipt.schema.json": 1,
        "schemas/receipts/ClinicalTransformReceipt.schema.json": 1,
        "schemas/receipts/ContributionShareReceipt.schema.json": 1,
        "schemas/receipts/CryptoPipelineReceipt.schema.json": 1,
        "schemas/receipts/CurationReceipt.schema.json": 1,
        "schemas/receipts/DeterministicProcessReceipt.schema.json": 1,
        "schemas/receipts/FairnessReceipt.schema.json": 1,
        "schemas/receipts/GeometryReceipt.schema.json": 1,
        "schemas/receipts/LineageReceipt.schema.json": 1,
        "schemas/receipts/MPCOrchestrationReceipt.schema.json": 1,
        "schemas/receipts/MarketImpactReceipt.schema.json": 1,
        "schemas/receipts/PrivacyReceipt.schema.json": 1,
        "schemas/receipts/RiskReceipt.schema.json": 1,
        "schemas/receipts/RobustnessReceipt.schema.json": 1,
        "schemas/receipts/StochasticKernelReceipt.schema.json": 1,
        "schemas/reduction/causalenvelopereceipt.v1.schema.json": 1,
        "schemas/reduction/contributionsharereceipt.v1.schema.json": 1,
        "schemas/reduction/deterministicprocessreceipt.v1.schema.json": 1,
        "schemas/reduction/modellineagereceipt.v1.schema.json": 1,
        "schemas/reduction/reductionintent.v1.schema.json": 1,
        "schemas/reduction/reductionplan.v1.schema.json": 1,
        "schemas/reduction/reductionreceipt.v1.schema.json": 1,
        "schemas/reduction/solverbinding.v1.schema.json": 1
      },
      "id": "f1fed686329b",
      "original": "http://json-schema.org/draft-07/schema#",
      "scheme": "http",
      "total": 34
    },
    {
      "files": {
        "refs/schemas/attest_topological_invariants.schema.json": 1
      },
      "id": "0327dd040c8a",
      "original": "https://hypersync.dev/schemas/attest_topological_invariants.schema.json",
      "scheme": "https",
      "total": 1
    },
    {
      "files": {
        "refs/schemas/attest_hyperbolic_model.schema.json": 1
      },
      "id": "0e6738784a8a",
      "original": "https://hypersync.dev/schemas/attest_hyperbolic_model.schema.json",
      "scheme": "https",
      "total": 1
    },
    {
      "files": {
        "refs/schemas/attest_spherical_curvature.schema.json": 1
      },
      "id": "1a967428dddf",
      "original": "https://hypersync.dev/schemas/attest_spherical_curvature.schema.json",
      "scheme": "https",
      "total": 1
    },
    {
      "files": {
        "refs/schemas/curvature_comparison.schema.json": 1
      },
      "id": "1fcc26fd0a40",
      "original": "https://hypersync.dev/schemas/curvature_comparison.schema.json",
      "scheme": "https",
      "total": 1
    },
    {
      "files": {
        "refs/schemas/spherical_manifold.schema.json": 1
      },
      "id": "6c5791c05ad6",
      "original": "https://hypersync.dev/schemas/spherical_manifold.schema.json",
      "scheme": "https",
      "total": 1
    },
    {
      "files": {
        "refs/schemas/conformance_runner.schema.json": 1
      },
      "id": "78b274441514",
      "original": "https://hypersync.dev/schemas/conformance_runner.schema.json",
      "scheme": "https",
      "total": 1
    },
    {
      "files": {
        "refs/schemas/curvature_operator_spectral.schema.json": 1
      },
      "id": "7a8160c1b4c3",
      "original": "https://hypersync.dev/schemas/curvature_operator_spectral.schema.json",
      "scheme": "https",
      "total": 1
    },
    {
      "files": {
        "refs/schemas/hodge_theory.schema.json": 1
      },
      "id": "9047314df13d",
      "original": "https://hypersync.dev/schemas/hodge_theory.schema.json",
      "scheme": "https",
      "total": 1
    },
    {
      "files": {
        "refs/schemas/attest_differential_geometry.schema.json": 1
      },
      "id": "90f61ba5201f",
      "original": "https://hypersync.dev/schemas/attest_differential_geometry.schema.json",
      "scheme": "https",
      "total": 1
    },
    {
      "files": {
        "refs/schemas/attest_hyperbolic_trig.schema.json": 1
      },
      "id": "9ed3ebdc002d",
      "original": "https://hypersync.dev/schemas/attest_hyperbolic_trig.schema.json",
      "scheme": "https",
      "total": 1
    },
    {
      "files": {
        "refs/schemas/attest_cross_model.schema.json": 1
      },
      "id": "bd6c18c86c05",
      "original": "https://hypersync.dev/schemas/attest_cross_model.schema.json",
      "scheme": "https",
      "total": 1
    },
    {
      "files": {
        "refs/schemas/hyperbolic_distance.schema.json": 1
      },
      "id": "bff68348834c",
      "original": "https://hypersync.dev/schemas/hyperbolic_distance.schema.json",
      "scheme": "https",
      "total": 1
    },
    {
      "files": {
        "refs/schemas/attest_numerical_stability.schema.json": 1
      },
      "id": "c1f9e18a2fba",
      "original": "https://hypersync.dev/schemas/attest_numerical_stability.schema.json",
      "scheme": "https",
      "total": 1
    },
    {
      "files": {
        "refs/schemas/index_theory.schema.json": 1
      },
      "id": "cd89bb68aaca",
      "original": "https://hypersync.dev/schemas/index_theory.schema.json",
      "scheme": "https",
      "total": 1
    },
    {
      "files": {
        "refs/schemas/attest_spherical_geodesic.schema.json": 1
      },
      "id": "ec32ac968440",
      "original": "https://hypersync.dev/schemas/attest_spherical_geodesic.schema.json",
      "scheme": "https",
      "total": 1
    },
    {
      "files": {
        "refs/schemas/attest_cross_model.schema.json": 1,
        "refs/schemas/attest_differential_geometry.schema.json": 1,
        "refs/schemas/attest_hyperbolic_model.schema.json": 1,
        "refs/schemas/attest_hyperbolic_trig.schema.json": 1,
        "refs/schemas/attest_numerical_stability.schema.json": 1,
        "refs/schemas/attest_spherical_curvature.schema.json": 1,
        "refs/schemas/attest_spherical_geodesic.schema.json": 1,
        "refs/schemas/attest_topological_invariants.schema.json": 1,
        "refs/schemas/attestation_envelope.schema.json": 1,
        "refs/schemas/audit_capsule.schema.json": 1,
        "refs/schemas/caps.manifest.schema.json": 1,
        "refs/schemas/conformance_runner.schema.json": 1,
        "refs/schemas/curvature_comparison.schema.json": 1,
        "refs/schemas/curvature_operator_spectral.schema.json": 1,
        "refs/schemas/governance_cab_decision.schema.json": 1,
        "refs/schemas/hodge_theory.schema.json": 1,
        "refs/schemas/hyperbolic_distance.schema.json": 1,
        "refs/schemas/index_theory.schema.json": 1,
        "refs/schemas/kappa_usage_attestation.schema.json": 1,
        "refs/schemas/license_token.schema.json": 1,
        "refs/schemas/model_profile.schema.json": 1,
        "refs/schemas/nvm/attachment.schema.json": 1,
        "refs/schemas/nvm/memory_item.schema.json": 1,
        "refs/schemas/nvm/namespace_config.schema.json": 1,
        "refs/schemas/nvm/prune_policy.schema.json": 1,
        "refs/schemas/nvm/query.schema.json": 1,
        "refs/schemas/proof_api.schema.json": 1,
        "refs/schemas/retention_policy.schema.json": 1,
        "refs/schemas/spherical_manifold.schema.json": 1,
        "refs/schemas/zero_holonomy_proof.schema.json": 1,
        "schemas/conformance/suite.schema.json": 1,
        "schemas/conformance/vector.schema.json": 1,
        "schemas/nvm/block.descriptor.v1.json": 1,
        "schemas/nvm/block.write.receipt.v1.json": 1,
        "schemas/nvm/index.config.v1.json": 1,
        "schemas/proof_geometry/manifest.schema.json": 1,
        "schemas/proof_geometry/vector.schema.json": 1,
        "schemas/receipts/AdversaryModelReceipt.json": 1,
        "schemas/receipts/AttestationValidationReceipt.json": 1,
        "schemas/receipts/BFTConsensusReceipt.json": 1,
        "schemas/receipts/DeterministicProcessReceipt.json": 1,
        "schemas/receipts/GateDecisionReceipt.json": 1,
        "schemas/receipts/GateDegradeReceipt.json": 1,
        "schemas/receipts/LineageReceipt.json": 1,
        "schemas/receipts/PrivacyReceipt.json": 1,
        "schemas/receipts/SafetyEnvelopeReceipt.json": 1,
        "schemas/receipts/SensorFusionReceipt.json": 1,
        "schemas/receipts/SignatureReceipt.json": 1,
        "schemas/receipts/receipt.schema.json": 1,
        "schemas/retrieval/exactness.receipt.v1.json": 1,
        "schemas/retrieval/hybrid.config.v1.json": 1,
        "schemas/tools/autopilot.tools.schema.json": 1
      },
      "id": "fcbd7642ed3f",
      "original": "https://json-schema.org/draft/2020-12/schema",
      "scheme": "https",
      "total": 52
    },
    {
      "files": {
        "planner/routing/hypersync_routing.tiers.json": 5
      },
      "id": "10f32e50673b",
      "original": "operator://fast_marching",
      "scheme": "operator",
      "total": 5
    },
    {
      "files": {
        "planner/routing/hypersync_routing.tiers.json": 1
      },
      "id": "52b79e90f542",
      "original": "operator://geodesic_latent",
      "scheme": "operator",
      "total": 1
    },
    {
      "files": {
        "planner/routing/hypersync_routing.tiers.json": 6
      },
      "id": "6325e9ed91d6",
      "original": "operator://knn_graph",
      "scheme": "operator",
      "total": 6
    },
    {
      "files": {
        "planner/routing/hypersync_routing.tiers.json": 1
      },
      "id": "75329a56bff2",
      "original": "operator://dist_mahalanobis",
      "scheme": "operator",
      "total": 1
    },
    {
      "files": {
        "planner/routing/hypersync_routing.tiers.json": 5
      },
      "id": "98019b6bd848",
      "original": "operator://latent_geodesic_path",
      "scheme": "operator",
      "total": 5
    },
    {
      "files": {
        "planner/routing/hypersync_routing.tiers.json": 1
      },
      "id": "c145b76a4841",
      "original": "operator://geodesic_kmedoids",
      "scheme": "operator",
      "total": 1
    },
    {
      "files": {
        "planner/routing/hypersync_routing.defaults.json": 1,
        "planner/routing/hypersync_routing.tiers.json": 6
      },
      "id": "cf4da4e06ecd",
      "original": "operator://basis_cache",
      "scheme": "operator",
      "total": 7
    },
    {
      "files": {
        "planner/routing/hypersync_routing.defaults.json": 1,
        "planner/routing/hypersync_routing.tiers.json": 1
      },
      "id": "d0b56e71b5a7",
      "original": "operator://normalize_canonical",
      "scheme": "operator",
      "total": 2
    },
    {
      "files": {
        "planner/routing/hypersync_routing.tiers.json": 1
      },
      "id": "fbccca23557c",
      "original": "operator://topk",
      "scheme": "operator",
      "total": 1
    }
  ],
  "generated_at": "2025-11-17T01:12:40.463985Z",
  "per_scheme_counts": {
    "http": 34,
    "https": 67,
    "operator": 29
  },
  "substitution_mode": "ext_uri_token",
  "token_pattern": "ext://{id}",
  "total_entries": 26
}