{
  "capabilities": [
    "sdl.shard_ingest",
    "sdl.semantic_query"
  ],
  "determinism_tier": "D2_open_world",
  "governance": {
    "audit_required": true,
    "min_clearance_level": "internal",
    "requires_clearance": true
  },
  "interfaces": [
    {
      "description": "HTTP/JSON API for SDL ingestion and query.",
      "id": "http_sdl_api",
      "kind": "control_plane",
      "profile_ref": "examples/integration/sdl_integration_profile.json"
    }
  ],
  "metadata": {
    "docs_sdl": "07_documentation/human/reference/sdl.md",
    "used_at_bootstrap": true
  },
  "service_id": "hypersync.sdl",
  "summary": "Semantic Data Lake service providing shard ingestion and semantic query capabilities.",
  "version": "0.1.0"
}