{
  "capsule": "hypersync.geometry.primitives",
  "version": "1.0.0",
  "type": "component",
  "description": "Fundamental geometric primitives for the Poincaré disk model.",
  "components": [
    {
      "name": "Point",
      "type": "class",
      "description": "Represents a point in the Poincaré disk.",
      "properties": {
        "x": { "type": "float", "description": "X coordinate" },
        "y": { "type": "float", "description": "Y coordinate" }
      },
      "methods": [
        {
          "name": "complex",
          "return_type": "complex",
          "description": "Returns the point as a complex number."
        },
        {
          "name": "magnitude",
          "return_type": "float",
          "description": "Returns the magnitude of the point vector."
        },
        {
          "name": "from_complex",
          "type": "static",
          "inputs": { "z": "complex" },
          "return_type": "Point",
          "description": "Creates a Point from a complex number."
        }
      ],
      "constraints": [
        "magnitude < 1.0 (Poincaré disk boundary)"
      ]
    }
  ],
  "implementation": {
    "language": "python",
    "source": "src/hypersync/geometry/primitives.py"
  }
}