{
  "meta": {
    "id": "spec.policies.fault_detection",
    "version": "0.1.0",
    "status": "ALPHA",
    "type": "policy_definition"
  },
  "detection_vectors": {
    "heartbeat_miss": {
      "threshold_ms": 500,
      "consecutive_failures": 3,
      "action": "mark_unhealthy"
    },
    "state_divergence": {
      "mechanism": "merkle_root_mismatch",
      "severity": "critical",
      "action": "isolate_node"
    },
    "geometric_anomaly": {
      "metric": "curvature_deviation",
      "threshold": 0.05,
      "action": "trigger_recalibration"
    }
  },
  "mathematical_foundations": {
    "statistical_thresholds": {
      "heartbeat": "Poisson distribution assumption for arrival times",
      "anomaly_score": "Z-score > 3.0 implies anomaly"
    },
    "graph_theory": {
      "isolation_logic": "Minimum cut to separate faulty node from cluster"
    }
  },
  "fault_detection_meta": {
    "detector_health": {
      "logic": "Watchdog timer resets by detector loop",
      "action": "Restart detector process"
    },
    "false_positive_suppression": {
      "logic": "Hysteresis filter on state transitions",
      "action": "Delay alert"
    }
  },
  "detailed_mechanisms": {
    "probe_execution": "Non-blocking I/O for network probes",
    "telemetry_aggregation": "Sliding window buffer for metric calculation"
  }
}