{
  "version": "1.0.0",
  "description": "Federated policy authority registry and conflict resolution",
  "policy_authority_registry": {
    "authorities": [
      {
        "authority_id": "gdpr_authority",
        "jurisdiction": "EU",
        "priority": 100,
        "policies": [
          "data_residency",
          "right_to_erasure",
          "consent_management"
        ]
      },
      {
        "authority_id": "ccpa_authority",
        "jurisdiction": "US-CA",
        "priority": 90,
        "policies": [
          "data_sale_opt_out",
          "access_request"
        ]
      }
    ]
  },
  "conflict_resolution": {
    "strategy": "highest_priority_wins",
    "tie_breaker": "lexicographical_authority_id"
  },
  "mathematical_foundations": {
    "conflict_resolution_logic": {
      "priority_ordering": "Strict total ordering based on integer priority",
      "set_theory": "Policy set P = Union(Authority_i), Conflict C subset P x P"
    },
    "jurisdiction_mapping": {
      "spatial_logic": "HVS Region Inclusion (Geodesic Boundaries defined in Hyperbolic Space)"
    }
  },
  "fault_detection": {
    "circular_dependencies": {
      "logic": "Graph cycle detection (DFS) in policy dependency graph",
      "action": "Reject policy update"
    },
    "ambiguous_resolution": {
      "logic": "If Priority(A) == Priority(B) and Conflict(A, B), flag ambiguity",
      "action": "Apply tie_breaker"
    }
  },
  "detailed_mechanisms": {
    "policy_propagation": "Gossip-based distribution of signed policy manifests",
    "enforcement_hooks": "Pre-commit hooks in state transition function"
  },
  "meta": {
    "id": "spec.policies.overwatch",
    "version": "1.0.0",
    "description": "Federated policy authority registry and conflict resolution",
    "status": "ALPHA"
  }
}