{
  "evidence_path_policies.json": {
    "migration_policy": "none",
    "release_status": "released",
    "size_bytes": 1449,
    "stability": "stable",
    "unreleased": false
  },
  "federated_policy_overwatch.json": {
    "migration_policy": "none",
    "release_status": "released",
    "size_bytes": 1804,
    "stability": "stable",
    "unreleased": false
  },
  "fault_detection.capsule.json": {
    "migration_policy": "none",
    "release_status": "released",
    "size_bytes": 635,
    "stability": "stable",
    "unreleased": false
  },
  "policy_capsules.spec.json": {
    "migration_policy": "none",
    "release_status": "released",
    "size_bytes": 1796,
    "stability": "stable",
    "unreleased": false
  },
  "fault_detection.spec.json": {
    "migration_policy": "none",
    "release_status": "released",
    "size_bytes": 1340,
    "stability": "stable",
    "unreleased": false
  },
  "attestation.md": {
    "migration_policy": "none",
    "release_status": "released",
    "size_bytes": 3304,
    "stability": "stable",
    "unreleased": false
  }
}