{
  "governance.schema.json": {
    "migration_policy": "none",
    "release_status": "released",
    "size_bytes": 819,
    "stability": "stable",
    "unreleased": false
  },
  "geodesic_computation.schema.json": {
    "migration_policy": "none",
    "release_status": "released",
    "size_bytes": 1610,
    "stability": "stable",
    "unreleased": false
  },
  "bft.schema.json": {
    "migration_policy": "none",
    "release_status": "released",
    "size_bytes": 1642,
    "stability": "stable",
    "unreleased": false
  },
  "riemannian_barycenter.schema.json": {
    "migration_policy": "none",
    "release_status": "released",
    "size_bytes": 1107,
    "stability": "stable",
    "unreleased": false
  },
  "kappa_transition.schema.json": {
    "migration_policy": "none",
    "release_status": "released",
    "size_bytes": 581,
    "stability": "stable",
    "unreleased": false
  },
  "consensus_tier_mapping.schema.json": {
    "migration_policy": "none",
    "release_status": "released",
    "size_bytes": 2894,
    "stability": "stable",
    "unreleased": false
  },
  "movement_policy.schema.json": {
    "migration_policy": "none",
    "release_status": "released",
    "size_bytes": 1473,
    "stability": "stable",
    "unreleased": false
  },
  "hyperbolic_model.schema.json": {
    "migration_policy": "none",
    "release_status": "released",
    "size_bytes": 601,
    "stability": "stable",
    "unreleased": false
  },
  "domain_descriptor.schema.json": {
    "migration_policy": "none",
    "release_status": "released",
    "size_bytes": 5124,
    "stability": "stable",
    "unreleased": false
  },
  "oprecord.schema.json": {
    "migration_policy": "none",
    "release_status": "released",
    "size_bytes": 513,
    "stability": "stable",
    "unreleased": false
  },
  "kappa_channel_user_api.schema.json": {
    "migration_policy": "none",
    "release_status": "released",
    "size_bytes": 969,
    "stability": "stable",
    "unreleased": false
  },
  "session.schema.json": {
    "migration_policy": "none",
    "release_status": "released",
    "size_bytes": 706,
    "stability": "stable",
    "unreleased": false
  },
  "mechanism_profile.schema.json": {
    "migration_policy": "none",
    "release_status": "released",
    "size_bytes": 4486,
    "stability": "stable",
    "unreleased": false
  },
  "divergence.schema.json": {
    "migration_policy": "none",
    "release_status": "released",
    "size_bytes": 386,
    "stability": "stable",
    "unreleased": false
  },
  "model_registry.schema.json": {
    "migration_policy": "none",
    "release_status": "released",
    "size_bytes": 2358,
    "stability": "stable",
    "unreleased": false
  },
  "surreal_policy.schema.json": {
    "migration_policy": "none",
    "release_status": "released",
    "size_bytes": 829,
    "stability": "stable",
    "unreleased": false
  },
  "consensus.schema.json": {
    "migration_policy": "none",
    "release_status": "released",
    "size_bytes": 2689,
    "stability": "stable",
    "unreleased": false
  },
  "geometric_synchronization.schema.json": {
    "migration_policy": "none",
    "release_status": "released",
    "size_bytes": 1423,
    "stability": "stable",
    "unreleased": false
  },
  "exponential_map.schema.json": {
    "migration_policy": "none",
    "release_status": "released",
    "size_bytes": 1013,
    "stability": "stable",
    "unreleased": false
  },
  "consensus_validation.schema.json": {
    "migration_policy": "none",
    "release_status": "released",
    "size_bytes": 849,
    "stability": "stable",
    "unreleased": false
  },
  "domain_config.schema.json": {
    "migration_policy": "none",
    "release_status": "released",
    "size_bytes": 2753,
    "stability": "stable",
    "unreleased": false
  },
  "worm.schema.json": {
    "migration_policy": "none",
    "release_status": "released",
    "size_bytes": 622,
    "stability": "stable",
    "unreleased": false
  },
  "agent_stack.schema.json": {
    "migration_policy": "none",
    "release_status": "released",
    "size_bytes": 1316,
    "stability": "stable",
    "unreleased": false
  },
  "holon.schema.json": {
    "migration_policy": "none",
    "release_status": "released",
    "size_bytes": 12704,
    "stability": "stable",
    "unreleased": false
  },
  "math_attestation.schema.json": {
    "migration_policy": "none",
    "release_status": "released",
    "size_bytes": 543,
    "stability": "stable",
    "unreleased": false
  },
  "consensus_config.schema.json": {
    "migration_policy": "none",
    "release_status": "released",
    "size_bytes": 1299,
    "stability": "stable",
    "unreleased": false
  },
  "byzantine_consensus.schema.json": {
    "migration_policy": "none",
    "release_status": "released",
    "size_bytes": 1769,
    "stability": "stable",
    "unreleased": false
  },
  "curvature_validation.schema.json": {
    "migration_policy": "none",
    "release_status": "released",
    "size_bytes": 460,
    "stability": "stable",
    "unreleased": false
  },
  "replication_config.schema.json": {
    "migration_policy": "none",
    "release_status": "released",
    "size_bytes": 615,
    "stability": "stable",
    "unreleased": false
  },
  "holonomy_validation.schema.json": {
    "migration_policy": "none",
    "release_status": "released",
    "size_bytes": 1209,
    "stability": "stable",
    "unreleased": false
  },
  "audit.schema.json": {
    "migration_policy": "none",
    "release_status": "released",
    "size_bytes": 839,
    "stability": "stable",
    "unreleased": false
  },
  "parallel_transport.schema.json": {
    "migration_policy": "none",
    "release_status": "released",
    "size_bytes": 1044,
    "stability": "stable",
    "unreleased": false
  },
  "coordination.schema.json": {
    "migration_policy": "none",
    "release_status": "released",
    "size_bytes": 571,
    "stability": "stable",
    "unreleased": false
  }
}