{
  "advanced_consensus": {
    "meta": {
      "description": "Robust and stochastic geometric consensus algorithms",
      "parent_theme": "theme_5:advanced_consensus"
    },
    "implementations": {
      "robust_geometric_consensus": {
        "mechanism": "Geometric Median (Fermat Point)",
        "objective": "argmin_x sum(dist_Riemannian(x, p_i))",
        "algorithm": "Weiszfeld's Algorithm on Manifolds",
        "advantage": "Robust to outliers compared to Fr\u00e9chet Mean (L2)",
        "convergence": "Linear convergence rate"
      },
      "stochastic_geometric_algorithms": {
        "mechanism": "Riemannian Stochastic Gradient Descent (RSGD)",
        "update_rule": "x_{k+1} = exp_{x_k}(-eta * grad_f(x_k, sample_i))",
        "application": "Large-scale consensus where full gradient is expensive",
        "variance_reduction": "Riemannian SVRG (Stochastic Variance Reduced Gradient)"
      }
    },
    "mathematical_foundations": {
      "geometric_median_properties": "Unique minimizer for strictly convex distance functions on Hadamard manifolds",
      "rsgd_convergence": "Converges to critical point for non-convex objectives, global min for geodesically convex"
    },
    "fault_detection": {
      "convergence_failure": {
        "logic": "If ||x_{k+1} - x_k|| > threshold after N iterations, flag 'Divergence'",
        "action": "Reset to best known state or increase damping"
      },
      "manifold_constraint_violation": {
        "logic": "If updated point leaves manifold chart",
        "action": "Retract via Exponential Map (HVS Renormalization)"
      }
    },
    "detailed_mechanisms": {
      "weiszfeld_step": "Iterative reweighted least squares on tangent space",
      "parallel_transport_implementation": "Schild's ladder or pole ladder for vector transport"
    }
  }
}