{
  "curvature_mechanisms": {
    "meta": {
      "description": "Detailed mechanisms for variable and dynamic curvature themes",
      "parent_theme": "theme_1:curvature_complexity"
    },
    "implementations": {
      "curvature_flow_equations": {
        "mechanism": "Ricci Flow",
        "equation": "dg_ij/dt = -2 * R_ij",
        "discretization": "Combinatorial Ricci Flow on Triangulated Surfaces",
        "application": "Manifold smoothing, uniformization",
        "stability_condition": "dt < min_edge_length^2",
        "fault_detection": {
            "singularity_formation": "Error if curvature exceeds max_curvature_threshold",
            "numerical_instability": "Error if dt violates stability_condition",
            "topology_break": "Error if Euler characteristic changes during flow"
        }
      },
      "discrete_curvature_operators": {
        "mechanism": "Laplace-Beltrami Operator",
        "definition": "div(grad(f))",
        "discretization": "Cotangent Weights Formula",
        "formula": "L(f)_i = (1/2A_i) * sum((cot alpha_ij + cot beta_ij) * (f_i - f_j))",
        "properties": [
          "symmetric",
          "positive-semidefinite"
        ],
        "fault_detection": {
            "degenerate_geometry": "Error if triangle area is near zero (division by zero)",
            "non_manifold_mesh": "Error if edge shared by > 2 faces",
            "weight_instability": "Warning if cotangent weights are negative (bad triangulation)"
        }
      }
    }
  }
}