{
  "agent_id": "medium_agent_001",
  "detection_signals": {
    "boundary_violations": 3,
    "calibration_error": 0.12,
    "holonomy_inconsistency": 0.15,
    "route_flap_rate": 0.08
  },
  "last_assessed": "2024-01-15T10:00:00Z",
  "ld_training_history": [
    {
      "curvature": 0.0,
      "geometry_type": "euclidean",
      "ld_id": "euclidean_1",
      "training_epochs": 500,
      "verified": true
    },
    {
      "curvature": -1.0,
      "geometry_type": "hyperbolic",
      "ld_id": "hyperbolic_1",
      "training_epochs": 300,
      "verified": true
    },
    {
      "curvature": 1.0,
      "geometry_type": "spherical",
      "ld_id": "spherical_1",
      "training_epochs": 200,
      "verified": true
    },
    {
      "curvature": -0.5,
      "geometry_type": "hyperbolic",
      "ld_id": "hyperbolic_2",
      "training_epochs": 150,
      "verified": true
    }
  ],
  "nld_score": 4,
  "risk_assessment": {
    "cross_boundary_capability": "moderate",
    "instability_risk": "moderate",
    "recommended_action": "monitor"
  },
  "threat_level": "medium"
}