{
  "authentication": {
    "enabled": true,
    "method": "key"
  },
  "hierarchy": {
    "child_nodes": [],
    "inherit_policies": false,
    "parent_nodes": []
  },
  "metadata": {
    "created_at": "2024-01-15T10:00:00Z",
    "updated_at": "2024-01-15T10:00:00Z"
  },
  "nld_protection": {
    "audit_medium_threats": true,
    "auto_block_critical": true,
    "enabled": true,
    "max_nld_score": 3
  },
  "owner": {
    "id": "security_admin",
    "priority": 90,
    "type": "system"
  },
  "policy_id": "restrictive_policy",
  "rules": [
    {
      "action": "nvm:read",
      "effect": "allow",
      "rule_id": "allow_nvm_read_only"
    },
    {
      "action": "*:write",
      "effect": "deny",
      "rule_id": "deny_all_writes"
    },
    {
      "action": "*:delete",
      "effect": "deny",
      "rule_id": "deny_all_deletes"
    },
    {
      "action": "*",
      "effect": "audit",
      "rule_id": "audit_all_actions"
    }
  ]
}