{
  "schema_version": "v1.0",
  "id": "hypersync.core.coordination",
  "version": "2.1.0",
  "type": "logic",
  "description": "Geometric permissioning, fairness, and budget tracking",
  "capabilities": {
    "provides": [
      "geometric_permissions",
      "fair_preemption",
      "curvature_load_balancing",
      "budget_tracking"
    ],
    "requires": [
      "geometry_engine",
      "cost_accounting"
    ],
    "determinism_tier": "D1_numerically_stable",
    "latency_class": "realtime"
  },
  "governance": {
    "tier": "core",
    "audit_level": "critical",
    "owner": "hypersync_governance_wg"
  },
  "runtime": {
    "language": "python",
    "requires_gpu": false,
    "timeout_ms": 100
  },
  "interfaces": {
    "python": "hypersync.core.coordination.main:run"
  }
}