{
  "fault_detection.capsule.json": {
    "migration_policy": "none",
    "release_status": "released",
    "size_bytes": 737,
    "stability": "stable",
    "unreleased": false
  },
  "coordination.capsule.json": {
    "migration_policy": "none",
    "release_status": "released",
    "size_bytes": 788,
    "stability": "stable",
    "unreleased": false
  },
  "AttestationValidationReceipt.json": {
    "migration_policy": "none",
    "release_status": "released",
    "size_bytes": 463,
    "stability": "stable",
    "unreleased": false
  },
  "receipt.schema.json": {
    "migration_policy": "none",
    "release_status": "released",
    "size_bytes": 1348,
    "stability": "stable",
    "unreleased": false
  },
  "manifest.schema.json": {
    "migration_policy": "none",
    "release_status": "released",
    "size_bytes": 5795,
    "stability": "stable",
    "unreleased": false
  }
}