{
  "meta": {
    "id": "spec.geometry.routing",
    "version": "1.1.0",
    "description": "Defines the deterministic hyperbolic routing logic for HyperSync workloads.",
    "determinism_tier": "D0_bit_exact"
  },
  "topology": {
    "manifold_type": "hyperbolic_poincare_disk",
    "curvature_constant": -1.0,
    "dimensions": [
      "compute",
      "storage",
      "latency",
      "cost"
    ],
    "metric_tensor_update_policy": "deterministic_telemetry_hash"
  },
  "fencing": {
    "safety_fences": {
      "enabled": true,
      "policy": "strict_containment",
      "violation_action": "geometric_singularity_error"
    },
    "regions_of_interest": {
      "dynamic_allocation": true,
      "isolation_metric": "geodesic_distance"
    }
  },
  "routing_policies": {
    "geodesic_optimization": {
      "description": "Routes along hyperbolic geodesics.",
      "algorithm": "poincare_geodesic_descent",
      "parameters": {
        "precision": "bit_exact_fixed_point"
      },
      "mathematical_foundations": {
        "principle": "Geodesic minimization in Hyperbolic Space H^n",
        "metric": "ds^2 = 4|dx|^2 / (1 - |x|^2)^2 (Poincaré Disk)",
        "geodesic_equation": "Standard geodesic equation with Christoffel symbols for Poincaré metric"
      },
      "fault_detection": {
        "boundary_violation": "Error if |x| >= 1 (Point outside Poincaré Disk)",
        "precision_loss": "Warning if fixed-point rounding error exceeds tolerance",
        "path_divergence": "Error if computed path deviates from theoretical geodesic > epsilon"
      },
      "detailed_mechanisms": {
        "descent_step": "x_{k+1} = exp_{x_k}(-alpha * grad(Cost))",
        "parallel_transport": "Transport velocity vector along geodesic segment"
      }
    },
    "ricci_flow_smoothing": {
      "description": "Deterministic load balancing via discrete Ricci flow.",
      "update_interval_ms": 1000,
      "flow_rate": 0.05,
      "mathematical_foundations": {
        "principle": "Discrete Ricci Flow on weighted graphs/meshes",
        "equation": "dg_ij/dt = -2 * Ric_ij",
        "objective": "Uniformize curvature (load) across the network topology"
      },
      "fault_detection": {
        "singularity_formation": "Error if edge length -> 0",
        "topology_break": "Error if flow causes graph disconnection",
        "oscillation": "Warning if load balancing oscillates without settling"
      },
      "detailed_mechanisms": {
        "curvature_calculation": "Combinatorial curvature K_i = 2pi - sum(angles)",
        "metric_update": "Update edge weights based on curvature difference"
      }
    }
  },
  "integration": {
    "hvs_attachment": "required",
    "consensus_validation": "proof_of_path"
  }
}