{
  "bootstrap_order": [
    "schemas",
    "refs/schemas",
    "policies",
    "operators",
    "planner",
    "caps",
    "schedules",
    "diagnostics"
  ],
  "ext_uri_resolution": {
    "enabled": false,
    "flags_file": "overlays/runtime_ext.flags.json",
    "map_file": "overlays/runtime_ext.map.json",
    "token_pattern": "ext://{id}"
  },
  "generated_at": "2025-11-17T02:51:12.582866Z",
  "inventory": {
    "caps": [
      "caps/features/euclid_pipeline.json",
      "caps/tiers/finance_pro_only.json"
    ],
    "diagnostics": [
      "diagnostics/profiles/sub_enterprise.json"
    ],
    "hypersync": [],
    "operators": [
      "operators/op_adamw_v1.0.json",
      "operators/op_adjoint_eval_v1.0.json",
      "operators/op_admm_core_v1.0.json",
      "operators/op_affinity_gaussian_v1.0.json",
      "operators/op_amg_prec_v1.0.json",
      "operators/op_barycenter_sinkhorn_v1.0.json",
      "operators/op_basis_cache_v1.0.json",
      "operators/op_bdf2_v1.0.json",
      "operators/op_benders_master_v1.0.json",
      "operators/op_benders_subproblem_v1.0.json",
      "operators/op_bfgs_linesearch_v1.0.json",
      "operators/op_bicgstab_v1.0.json",
      "operators/op_bipartite_lp_v1.0.json",
      "operators/op_bkz_tuning_envelope_v1.0.json",
      "operators/op_bkz_wrapper_v1.0.json",
      "operators/op_cdf97_v1.0.json",
      "operators/op_cg_v1.0.json",
      "operators/op_chebyshev_scalarization_v1.0.json",
      "operators/op_cluster_edit_ilp_v1.0.json",
      "operators/op_collision_distance_v1.0.json",
      "operators/op_color_ot_1d_monotone_v1.0.json",
      "operators/op_color_ot_3d_entropic_v1.0.json",
      "operators/op_color_tonemap_curve_v1.0.json",
      "operators/op_column_generation_core_v1.0.json",
      "operators/op_coordinate_descent_lasso_v1.0.json",
      "operators/op_curvelet_v1.0.json",
      "operators/op_cut_manager_deterministic_v1.0.json",
      "operators/op_dbscan_v1.0.json",
      "operators/op_deduplicate_v1.0.json",
      "operators/op_del_v1.0.json",
      "operators/op_dense_eigs_v1.0.json",
      "operators/op_density_comp_v1.0.json",
      "operators/op_density_filter_v1.0.json",
      "operators/op_deterministic_rounding_pipage_v1.0.json",
      "operators/op_deterministic_rounding_threshold_v1.0.json",
      "operators/op_diffusion_heat_v1.0.json",
      "operators/op_diis_accel_v1.0.json",
      "operators/op_dist_mahalanobis_v1.0.json",
      "operators/op_dp_accountant_rdp_v1.0.json",
      "operators/op_dp_sgd_core_v1.0.json",
      "operators/op_eigs_shift_invert_v1.0.json",
      "operators/op_epi_calibrate_convex_v1.0.json",
      "operators/op_epi_graph_diffusion_v1.0.json",
      "operators/op_epi_transport_pde_v1.0.json",
      "operators/op_espirit_v2.1.json",
      "operators/op_fast_marching_v1.0.json",
      "operators/op_fem_assembly_curlcurl_v1.0.json",
      "operators/op_fem_time_cn_v1.0.json",
      "operators/op_fem_time_leapfrog_v1.0.json",
      "operators/op_fft_v1.4.json",
      "operators/op_fista_v1.0.json",
      "operators/op_geodesic_kmedoids_v1.0.json",
      "operators/op_geodesic_latent_v1.0.json",
      "operators/op_gmres_v1.0.json",
      "operators/op_hann_filter_v1.0.json",
      "operators/op_hdbscan_metric_v1.0.json",
      "operators/op_homotopy_scheduler_v1.0.json",
      "operators/op_hungarian_v1.0.json",
      "operators/op_ichol_prec_v1.0.json",
      "operators/op_ichol_v1.0.json",
      "operators/op_ilu_prec_v1.0.json",
      "operators/op_iradon_v1.1.json",
      "operators/op_isotonic_calibration_v1.0.json",
      "operators/op_jko_flow_v1.0.json",
      "operators/op_jko_step_v1.0.json",
      "operators/op_kcover_prox_v1.0.json",
      "operators/op_kmeans_v1.0.json",
      "operators/op_kmedoids_v1.0.json",
      "operators/op_knn_graph_v1.0.json",
      "operators/op_laplacian_builder_v1.0.json",
      "operators/op_latent_decode_raster_v1.0.json",
      "operators/op_latent_geodesic_path_v1.0.json",
      "operators/op_latent_mask_blend_v1.0.json",
      "operators/op_lbfgs_v1.0.json",
      "operators/op_level_set_admm_v1.0.json",
      "operators/op_lll_wrapper_v1.0.json",
      "operators/op_lp_ipm_solver_v1.0.json",
      "operators/op_lp_ipm_v1.0.json",
      "operators/op_lp_simplex_v1.0.json",
      "operators/op_mc_orchestrator_openmc_v1.0.json",
      "operators/op_medreg_affine_pdhg_v1.0.json",
      "operators/op_medreg_svf_lddmm_v1.0.json",
      "operators/op_medseg_shape_atlas_priors_v1.0.json",
      "operators/op_medseg_tv_multilabel_v1.0.json",
      "operators/op_mesh_decimate_qem_v1.0.json",
      "operators/op_mesh_implicit_mcf_v1.0.json",
      "operators/op_mesh_remesh_iso_v1.0.json",
      "operators/op_mesh_taubin_smooth_v1.0.json",
      "operators/op_micro_fused_lasso_v1.0.json",
      "operators/op_micro_realized_vol_tv_v1.0.json",
      "operators/op_micro_state_space_convex_v1.0.json",
      "operators/op_mincost_flow_v1.0.json",
      "operators/op_mma_optimizer_v1.0.json",
      "operators/op_mpc_execute_v1.0.json",
      "operators/op_mpc_policy_gate_v1.0.json",
      "operators/op_mpc_preprocess_triples_v1.0.json",
      "operators/op_mpc_setup_v1.0.json",
      "operators/op_normalize_canonical_v1.0.json",
      "operators/op_nufft_v3.2.json",
      "operators/op_oc_update_v1.0.json",
      "operators/op_ode_sampler_v1.0.json",
      "operators/op_omics_diffusion_maps_v1.0.json",
      "operators/op_omics_knn_graph_v1.0.json",
      "operators/op_omics_trajectory_infer_v1.0.json",
      "operators/op_osqp_like_v1.0.json",
      "operators/op_pde_fem_solve_v1.0.json",
      "operators/op_pdhg_prox_v1.0.json",
      "operators/op_pdhg_v1.0.json",
      "operators/op_pgd_deterministic_v1.0.json",
      "operators/op_pml_profile_v1.0.json",
      "operators/op_pmv_factor_constrained_v1.0.json",
      "operators/op_pmv_prox_qp_v1.0.json",
      "operators/op_pmv_turnover_budget_v1.0.json",
      "operators/op_pn_operator_v1.0.json",
      "operators/op_population_mulliken_v1.0.json",
      "operators/op_prox_scalarization_v1.0.json",
      "operators/op_prox_update_generic_v1.0.json",
      "operators/op_psd_projection_v1.0.json",
      "operators/op_push_relabel_v1.0.json",
      "operators/op_qp_ipm_solver_v1.0.json",
      "operators/op_qp_ipm_v1.0.json",
      "operators/op_r1cs_compile_v1.0.json",
      "operators/op_radon_v1.1.json",
      "operators/op_ramp_filter_v1.0.json",
      "operators/op_redact_policy_gate_v1.0.json",
      "operators/op_representative_qp_v1.0.json",
      "operators/op_risk_cvar_lp_v1.0.json",
      "operators/op_risk_phi_div_dro_v1.0.json",
      "operators/op_risk_wass_dro_prox_v1.0.json",
      "operators/op_rk4_v1.0.json",
      "operators/op_rt_dose_kernel_v1.0.json",
      "operators/op_rt_fmo_qp_v1.0.json",
      "operators/op_rt_vmat_surrogate_v1.0.json",
      "operators/op_safety_gate_gen_v1.0.json",
      "operators/op_scen_jko_flow_v1.0.json",
      "operators/op_scen_ot_marginal_1d_v1.0.json",
      "operators/op_scen_ot_multivariate_v1.0.json",
      "operators/op_sdp_kkt_factor_v1.0.json",
      "operators/op_se2_v1.0.json",
      "operators/op_se3_v1.0.json",
      "operators/op_simplex_deterministic_v1.0.json",
      "operators/op_sinkhorn_balancing_v1.0.json",
      "operators/op_sinkhorn_entropic_v1.0.json",
      "operators/op_sinkhorn_logstabilized_v1.0.json",
      "operators/op_sn_sweep_v1.0.json",
      "operators/op_so3_v1.0.json",
      "operators/op_socp_ipm_v1.0.json",
      "operators/op_socp_solver_v1.0.json",
      "operators/op_sparse_eigs_lanczos_v1.0.json",
      "operators/op_sparse_eigs_lobpcg_v1.0.json",
      "operators/op_sparse_ldlt_v1.0.json",
      "operators/op_svd_deterministic_v1.0.json",
      "operators/op_symplectic_rk_v1.0.json",
      "operators/op_topk_v1.0.json",
      "operators/op_transcript_logger_v1.0.json",
      "operators/op_unbalanced_kl_v1.0.json",
      "operators/op_utility_regularizer_v1.0.json",
      "operators/op_uv_arap_adjust_v1.0.json",
      "operators/op_uv_harmonic_laplacian_v1.0.json",
      "operators/op_uv_lscm_v1.0.json",
      "operators/op_uv_pack_charts_v1.0.json",
      "operators/op_zk_prover_v1.0.json",
      "operators/op_zk_verifier_v1.0.json",
      "operators/op_zk_witness_commit_v1.0.json"
    ],
    "overlays": [
      "overlays/add_routing_modes_policy.rfc6902.json",
      "overlays/runtime_ext.flags.json",
      "overlays/runtime_ext.map.json",
      "overlays/runtime_only.filter.json",
      "overlays/solver_registry.overlay.json"
    ],
    "planner": [
      "planner/defaults.json",
      "planner/registry/plugins.json",
      "planner/routing/geometric_unified.rules.json",
      "planner/routing/hypersync_routing.defaults.json",
      "planner/routing/hypersync_routing.tiers.json"
    ],
    "policies": [
      "policies/autopilot/autopilot.policy.json",
      "policies/defense/data-provenance-accounting.json",
      "policies/defense/export_control.json",
      "policies/energy/export-controls.policy.json",
      "policies/finance/compliance.policy.json",
      "policies/finance/fair-lending.policy.json",
      "policies/finance/pii_minimization.json",
      "policies/healthcare/data-provenance-accounting.json",
      "policies/healthcare/phi_guard.policy.json",
      "policies/healthcare/phi_redaction.json",
      "policies/media/responsible_transform.policy.json",
      "policies/modes/geometric-reduction.policy.json",
      "policies/modes/routing.modes.json",
      "policies/modes/semantic-only-default.json",
      "policies/modes/surrogate-allowed.json",
      "policies/nvm/nvm_policy.json",
      "policies/privacy/redaction_policy.json",
      "policies/responsible/data_curation.policy.json",
      "policies/responsible/privacy_fairness.policy.json",
      "policies/retrieval/hybrid_policy.json",
      "policies/reveal/incident.json",
      "policies/safety/actuation_envelope.policy.json",
      "policies/safety/generative-synthesis.policy.json",
      "policies/safety/robotics_field_ops.policy.json",
      "policies/safety/timelike-actuation.policy.json",
      "policies/security/no-secret-in-text.policy.json",
      "policies/studio/contribution-accounting.json",
      "policies/studio/ext-solvers.policy.json",
      "policies/studio/solver-pricing-transparency.json",
      "policies/tiers/gate_profiles.json",
      "policies/tiers/plan_catalog.json",
      "policies/validation/sub_enterprise.json"
    ],
    "refs/schemas": [
      "refs/schemas/attest_cross_model.schema.json",
      "refs/schemas/attest_differential_geometry.schema.json",
      "refs/schemas/attest_hyperbolic_model.schema.json",
      "refs/schemas/attest_hyperbolic_trig.schema.json",
      "refs/schemas/attest_numerical_stability.schema.json",
      "refs/schemas/attest_spherical_curvature.schema.json",
      "refs/schemas/attest_spherical_geodesic.schema.json",
      "refs/schemas/attest_topological_invariants.schema.json",
      "refs/schemas/attestation_envelope.schema.json",
      "refs/schemas/audit_capsule.schema.json",
      "refs/schemas/caps.manifest.schema.json",
      "refs/schemas/conformance_runner.schema.json",
      "refs/schemas/curvature_comparison.schema.json",
      "refs/schemas/curvature_operator_spectral.schema.json",
      "refs/schemas/diagnostic_capsule.schema.json",
      "refs/schemas/diagnostic_event.schema.json",
      "refs/schemas/governance_cab_decision.schema.json",
      "refs/schemas/hodge_theory.schema.json",
      "refs/schemas/hyperbolic_distance.schema.json",
      "refs/schemas/index_theory.schema.json",
      "refs/schemas/kappa_usage_attestation.schema.json",
      "refs/schemas/license_token.schema.json",
      "refs/schemas/model_profile.schema.json",
      "refs/schemas/nvm/attachment.schema.json",
      "refs/schemas/nvm/memory_item.schema.json",
      "refs/schemas/nvm/namespace_config.schema.json",
      "refs/schemas/nvm/prune_policy.schema.json",
      "refs/schemas/nvm/query.schema.json",
      "refs/schemas/proof_api.schema.json",
      "refs/schemas/retention_policy.schema.json",
      "refs/schemas/spherical_manifold.schema.json",
      "refs/schemas/zero_holonomy_proof.schema.json"
    ],
    "schedules": [
      "schedules/sub_enterprise.json"
    ],
    "schemas": [
      "schemas/conformance/suite.schema.json",
      "schemas/conformance/vector.schema.json",
      "schemas/geometry/map.h2e.schema.json",
      "schemas/geometry/map.s2e.schema.json",
      "schemas/geometry/pipeline.profile.schema.json",
      "schemas/media/raw.reveal.request.schema.json",
      "schemas/media/reconstruction.instructions.schema.json",
      "schemas/media/segment.commitment.schema.json",
      "schemas/media/surrogate.recipe.schema.json",
      "schemas/nvm/block.descriptor.v1.json",
      "schemas/nvm/block.write.receipt.v1.json",
      "schemas/nvm/index.config.v1.json",
      "schemas/planner/conformance_result.v1.schema.json",
      "schemas/planner/route_plan.schema.json",
      "schemas/planner/routing.rules.v1.schema.json",
      "schemas/planner/solver_manifest.v1.schema.json",
      "schemas/proof_geometry/manifest.schema.json",
      "schemas/proof_geometry/vector.schema.json",
      "schemas/receipts/AdversaryModelReceipt.json",
      "schemas/receipts/AttestationValidationReceipt.json",
      "schemas/receipts/BFTConsensusReceipt.json",
      "schemas/receipts/CausalEnvelopeReceipt.schema.json",
      "schemas/receipts/ClinicalTransformReceipt.schema.json",
      "schemas/receipts/ContributionShareReceipt.schema.json",
      "schemas/receipts/CryptoPipelineReceipt.schema.json",
      "schemas/receipts/CurationReceipt.schema.json",
      "schemas/receipts/DeterministicProcessReceipt.json",
      "schemas/receipts/DeterministicProcessReceipt.schema.json",
      "schemas/receipts/FairnessReceipt.schema.json",
      "schemas/receipts/GateDecisionReceipt.json",
      "schemas/receipts/GateDegradeReceipt.json",
      "schemas/receipts/GeometryReceipt.schema.json",
      "schemas/receipts/LineageReceipt.json",
      "schemas/receipts/LineageReceipt.schema.json",
      "schemas/receipts/MPCOrchestrationReceipt.schema.json",
      "schemas/receipts/MarketImpactReceipt.schema.json",
      "schemas/receipts/PrivacyReceipt.json",
      "schemas/receipts/PrivacyReceipt.schema.json",
      "schemas/receipts/RiskReceipt.schema.json",
      "schemas/receipts/RobustnessReceipt.schema.json",
      "schemas/receipts/SafetyEnvelopeReceipt.json",
      "schemas/receipts/SensorFusionReceipt.json",
      "schemas/receipts/SignatureReceipt.json",
      "schemas/receipts/StochasticKernelReceipt.schema.json",
      "schemas/receipts/receipt.schema.json",
      "schemas/reduction/causalenvelopereceipt.v1.schema.json",
      "schemas/reduction/contributionsharereceipt.v1.schema.json",
      "schemas/reduction/deterministicprocessreceipt.v1.schema.json",
      "schemas/reduction/modellineagereceipt.v1.schema.json",
      "schemas/reduction/reductionintent.v1.schema.json",
      "schemas/reduction/reductionplan.v1.schema.json",
      "schemas/reduction/reductionreceipt.v1.schema.json",
      "schemas/reduction/solverbinding.v1.schema.json",
      "schemas/retrieval/exactness.receipt.v1.json",
      "schemas/retrieval/hybrid.config.v1.json",
      "schemas/tools/autopilot.tools.schema.json"
    ],
    "tools": [
      "tools/autopilot.tools.json"
    ]
  },
  "name": "hypersync.runtime.bootstrap",
  "notes": [
    "This descriptor enumerates the runtime-visible assets only. No external fetches are performed.",
    "To re-enable external references, update overlays/runtime_ext.flags.json and implement token resolution."
  ],
  "nvm_defaults": {
    "attachment_schema": "refs/schemas/nvm/attachment.schema.json",
    "memory_item_schema": "refs/schemas/nvm/memory_item.schema.json",
    "namespace_schema": "refs/schemas/nvm/namespace_config.schema.json",
    "prune_policy_schema": "refs/schemas/nvm/prune_policy.schema.json"
  },
  "offline_mode": true
}