{
  "diagnostics": {
    "gso_reuse": true,
    "hfactors": [
      1.012,
      1.009,
      1.007
    ]
  },
  "inputs_commitment": "sha256:basis|blocks=[32,40,48]|tours=3|seed=20251101",
  "iters": {
    "runs": 3,
    "total_tours": 9
  },
  "output_commitment": "sha256:reduced_basis_digest",
  "pipeline": {
    "env": {
      "blas": "openblas-0.3.26"
    },
    "receipt_kind": "CryptoPipelineReceipt"
  },
  "receipt_kind": "ReductionReceipt",
  "solver_binding_id": "solver://lattice/tuning_envelope@1.0.0"
}