{
  "diagnostics": {
    "dedup_removed": 1273,
    "redacted_fields": {
      "email": 1.0,
      "phone": 0.98
    }
  },
  "inputs_commitment": "sha256:raw_records|policy=redaction_v4",
  "lineage": {
    "map_digest": "sha256:lineage_map",
    "receipt_kind": "LineageReceipt"
  },
  "output_commitment": "sha256:canonical_redacted_digest",
  "privacy": {
    "policy_digest": "sha256:redaction_v4",
    "receipt_kind": "PrivacyReceipt"
  },
  "receipt_kind": "ReductionReceipt",
  "solver_binding_id": "solver://prov/normalize_canonical@1.4.0"
}