{
  "clustering": {
    "algo": "kmedoids",
    "iters": 18,
    "obj_final": 19200.0
  },
  "diagnostics": {
    "blocks": 4096,
    "exact_knn": true
  },
  "inputs_commitment": "sha256:emb_v5|M_v3|k=50|kmedoids=64|seed=20251101",
  "output_commitment": "sha256:knn_idx|labels",
  "pipeline": {
    "metric_digest": "sha256:M_v3",
    "metric_kind": "mahalanobis",
    "receipt_kind": "CurationReceipt"
  },
  "receipt_kind": "ReductionReceipt",
  "solver_binding_id": "solver://retrieval/dist_mahalanobis@1.1.0"
}