{
  "causal_envelope": {
    "authorized_window_ms": 50,
    "policy_refs": [
      "policy://safety/timelike-actuation.policy.json"
    ],
    "receipt_kind": "CausalEnvelopeReceipt",
    "thresholds_checked": [
      "qp_tol<=1e-5",
      "u_bounds_satisfied"
    ],
    "ttl_ms": 50,
    "upstream_receipts": [
      "sha256:...optimization_receipt..."
    ]
  },
  "inputs_commitment": "sha256:linearization|weights|bounds|plan",
  "iters": {
    "admm": 185
  },
  "output_commitment": "sha256:u0|u_seq",
  "receipt_kind": "ReductionReceipt",
  "residuals": {
    "dual": 9.7e-06,
    "primal": 8.1e-06
  },
  "solver_binding_id": "solver://oc/mpc.qp_ltv@0.9.3"
}