{
  "pct_episode_schema": {
    "enhanced_record_types": {
      "pathfinder_episode": {
        "fields": {
          "determinism_tier": {
            "enum": [
              "D0",
              "D1",
              "D2"
            ],
            "semantics": "Determinism tier at which this episode was executed",
            "type": "string"
          },
          "episode_id": {
            "semantics": "Unique identifier for this pathfinder episode",
            "type": "string"
          },
          "exploration_traces": {
            "semantics": "Traces of exploration paths taken during episode",
            "type": "array<object>"
          },
          "geometry_profile_id": {
            "semantics": "Reference to geometry profile used during episode",
            "type": "string"
          },
          "linked_receipt_ids": {
            "description": "References to geometry receipts documenting operations performed during this episode",
            "semantics": "Array of geometry_receipt_id values as defined by geometry_receipts_schema_v1",
            "type": "array<string>"
          },
          "timestamp": {
            "format": "iso8601",
            "semantics": "Episode start timestamp",
            "type": "string"
          }
        }
      }
    },
    "metadata": {
      "created_by": "HyperSync Geometry/PCT/AGUA Integration Plan",
      "description": "Schema for pathfinder episodes with geometry receipt linkage",
      "integration_date": "2025-12-06",
      "title": "Enhanced PCT Episode Schema v2"
    }
  }
}