{
  "pct_method": {
    "advanced_integration": {
      "geometry_layer_ref": "hypersync_geometry_layer_v1",
      "geometry_profiles_registry_ref": "geometry_profiles_registry_v1"
    },
    "advanced_phase_transitions": {},
    "determinism_and_safety": {
      "allowed_tiers_by_phase": {
        "cartographer": [
          "D1",
          "D0"
        ],
        "pathfinder": [
          "D2",
          "D1",
          "D0"
        ],
        "trailblazer": [
          "D0"
        ]
      },
      "principles": [
        "D0 paths must be fully receipts-backed and reproducible",
        "D1 may use distributional or approximate methods but must be bounded and observable",
        "D2 is exploratory and must be fenced to Pathfinder and non-production contexts"
      ]
    },
    "enhanced_artifacts": {
      "pathfinder_episode_schema_ref": "pct_episode_schema_v2:pathfinder_episode",
      "pct_canonized_workflow_schema_ref": "pct_canonized_workflow_schema_v2:pct_canonized_workflow"
    },
    "geometry_and_visualization": {
      "note": "When AGUA geometry configs and PCT workflows are used together, the preferred TUI geometry modes from geometry_profiles_registry.v1 + geometry_mode.v1 SHOULD be referenced so operators know how to view the workload",
      "related_specs": [
        "agua_geometry_spec_v2.1.json",
        "hypersync_geometry_layer.v1.json",
        "HyperSync_ALPHA/03_specifications/schemas/tui/geometry_mode.v1.json"
      ]
    },
    "metadata": {
      "created_by": "HyperSync Geometry/PCT/AGUA Integration Plan",
      "description": "Pathfinder-Cartographer-Trailblazer method for geometry-aware workflow development",
      "integration_date": "2025-12-06",
      "title": "Enhanced PCT Method Overview v2"
    },
    "monitoring_and_debugging": {
      "geometry_aware_monitoring": {
        "default_mode_mappings": {
          "hyperbolic_embeddings": "poincare_disk",
          "spherical_geometry": "spherical_projection",
          "wormhole_flows": "wormhole_throat"
        },
        "enabled": true,
        "notes": "PCT methods may be monitored in geometry-aware TUI views. Link typical methods to default geometry modes (e.g., hyperbolic embeddings -> Poincare Disk, wormhole flows -> Wormhole Throat)"
      }
    },
    "roles": {
      "cartographer": {
        "description": "Analysis and mapping phase for understanding solution landscapes",
        "determinism_tiers": [
          "D1",
          "D0"
        ],
        "primary_outputs": [
          "analyses",
          "geometry_profiles",
          "uncertainty_maps"
        ]
      },
      "pathfinder": {
        "description": "Exploratory phase for discovering solution spaces",
        "determinism_tiers": [
          "D2",
          "D1",
          "D0"
        ],
        "primary_outputs": [
          "episodes",
          "exploration_traces"
        ]
      },
      "trailblazer": {
        "description": "Production compilation phase for creating deployable workflows",
        "determinism_tiers": [
          "D0"
        ],
        "primary_outputs": [
          "deployment_artifacts: production_ready_workflow_packages",
          "monitoring_specifications: runtime_monitoring_and_telemetry_plans",
          "canonized_workflows"
        ]
      }
    },
    "mathematical_foundations": {
      "phase_transition_logic": "State machine transitions governed by determinism tier requirements",
      "exploration_bounds": "D2 exploration limited by entropy thresholds"
    },
    "fault_detection": {
      "tier_violation": {
        "logic": "If Trailblazer phase requests D1/D2 operation, raise error",
        "action": "Halt pipeline"
      },
      "workflow_inconsistency": {
        "logic": "Detect cyclic dependencies in canonized workflows",
        "action": "Reject workflow"
      }
    },
    "detailed_mechanisms": {
      "cartographer_mapping": "Generate topology maps from sampled data points",
      "pathfinder_search": "A* or RRT search in high-dimensional manifold",
      "trailblazer_compilation": "Optimize path and generate static artifacts"
    }
  }
}