{
  "generated_at_utc": "2025-12-14T12:31:47.981961Z",
  "generated_from_base_zip": "HyperSync_Spec_ALPHA_20251216.zip",
  "integration_points": [
    {
      "kind": "capsule",
      "path": "capsules/agents/standard/manifest.json"
    },
    {
      "kind": "capsule",
      "path": "capsules/contrib/poker_night/manifest.json"
    },
    {
      "kind": "capsule",
      "path": "capsules/core/factory/manifest.json"
    },
    {
      "kind": "capsule",
      "path": "capsules/core/geometry/manifest.json"
    },
    {
      "kind": "capsule",
      "path": "capsules/core/consensus/manifest.json"
    },
    {
      "kind": "capsule",
      "path": "capsules/core/environment/manifest.json"
    },
    {
      "kind": "capsule",
      "path": "capsules/core/catalogue/manifest.json"
    },
    {
      "kind": "capsule",
      "path": "capsules/bridge/api/manifest.json"
    },
    {
      "kind": "integration_spec",
      "path": "03_specifications/integration/hypersync_service_descriptor.schema.json"
    },
    {
      "kind": "integration_spec",
      "path": "03_specifications/integration/integration_profile.schema.json"
    },
    {
      "kind": "sdl_spec",
      "path": "03_specifications/sdl/sdl_query_receipt.schema.json"
    },
    {
      "kind": "sdl_spec",
      "path": "03_specifications/sdl/sdl_shard_descriptor.schema.json"
    },
    {
      "kind": "component",
      "path": "04_components/manifest.json"
    },
    {
      "kind": "component",
      "path": "04_components/agents/coordinator/manifest.json"
    },
    {
      "kind": "component",
      "path": "04_components/agents/mom_controller/manifest.json"
    },
    {
      "kind": "component",
      "path": "04_components/agents/ux_orchestrator/manifest.json"
    },
    {
      "kind": "component",
      "path": "04_components/agents/worker/manifest.json"
    },
    {
      "kind": "component",
      "path": "04_components/agents/simulation/manifest.json"
    },
    {
      "kind": "component",
      "path": "04_components/agents/policy_governance/manifest.json"
    },
    {
      "kind": "component",
      "path": "04_components/system/model_manager/manifest.json"
    }
  ]
}