{
  "entries": {
    "glossary.md": {
      "id": "1KS5HwiWqfguQJYbRtUtEvTYPaBkihS-T",
      "path": "/current/docs/glossary.md",
      "mime_type": "text/markdown",
      "last_modified": "2026-01-06T00:14:09.881Z",
      "size_bytes": 6795
    },
    "manifest.json": {
      "id": "1YDote76AXq34tcffJQtZHUBncW0ieAPW",
      "path": "/current/docs/manifest.json",
      "mime_type": "application/json",
      "last_modified": "2026-01-05T00:04:35.111Z",
      "size_bytes": 358
    },
    "hvs_overview.md": {
      "id": "1lp-vK7myBZwYujbmonhG64C0Ebf7sT7Q",
      "path": "/current/docs/hvs_overview.md",
      "mime_type": "text/markdown",
      "last_modified": "2026-01-04T05:04:45.710Z",
      "size_bytes": 5824
    },
    "bibliography.md": {
      "id": "1mGjV0l4oCdo18BlcwnhTBLVbaTzAMjsf",
      "path": "/current/docs/bibliography.md",
      "mime_type": "text/markdown",
      "last_modified": "2026-01-04T05:04:36.172Z",
      "size_bytes": 1548
    },
    "system_overview.md": {
      "id": "1t6DWvXOWQhnZFFZ7p78_cOY08C3ynuc3",
      "path": "/current/docs/system_overview.md",
      "mime_type": "text/markdown",
      "last_modified": "2026-01-04T05:04:16.906Z",
      "size_bytes": 2132
    },
    "concepts": {
      "id": "1Vul4dO2lOr8xX-Ue1t6m9BC5G1aqWPDx",
      "path": "/current/docs/concepts",
      "mime_type": "application/vnd.google-apps.folder",
      "last_modified": "2026-01-04T04:13:46.105Z"
    },
    "reference": {
      "id": "1nwuusE7D83WTQHgCo50fhLJBaT6wksLy",
      "path": "/current/docs/reference",
      "mime_type": "application/vnd.google-apps.folder",
      "last_modified": "2026-01-04T00:29:14.772Z"
    },
    "machine_guidelines.md": {
      "id": "1QTZqU_7O4KnPGpB9P0uJHstGalFmGMnT",
      "path": "/current/docs/machine_guidelines.md",
      "mime_type": "text/markdown",
      "last_modified": "2026-01-02T20:39:19.111Z",
      "size_bytes": 1819
    },
    "vnes": {
      "id": "1_om13q_HS3wE7mJVt1dY4nyEVT1i2HUb",
      "path": "/current/docs/vnes",
      "mime_type": "application/vnd.google-apps.folder",
      "last_modified": "2026-01-02T10:06:40.196Z"
    },
    "security": {
      "id": "1c63EhMP71OKwvJ9K4RCMlWpqDSb1maV3",
      "path": "/current/docs/security",
      "mime_type": "application/vnd.google-apps.folder",
      "last_modified": "2026-01-02T08:09:28.560Z"
    },
    "architecture": {
      "id": "1h9ZxbW4hmfl6sMqpjCTHdk9vIwF8Efbu",
      "path": "/current/docs/architecture",
      "mime_type": "application/vnd.google-apps.folder",
      "last_modified": "2026-01-02T08:09:28.555Z"
    },
    "STUNIR.md": {
      "id": "18P2eS4d8yvc4PO2LhvPol5DaYyRDKpBJ",
      "path": "/current/docs/STUNIR.md",
      "mime_type": "text/markdown",
      "last_modified": "2025-12-19T11:28:44.000Z",
      "size_bytes": 706
    },
    "NON_FUNCTIONAL_REQUIREMENTS.md": {
      "id": "1Ua20WYKJXJp3skv7lf8Jm2Kf5pRc3AbF",
      "path": "/current/docs/NON_FUNCTIONAL_REQUIREMENTS.md",
      "mime_type": "text/markdown",
      "last_modified": "2025-12-19T11:28:44.000Z",
      "size_bytes": 1000
    },
    "VISION.md": {
      "id": "1_KnNXI_Vuu20LPOSdZn2DlKx1HrZM2N6",
      "path": "/current/docs/VISION.md",
      "mime_type": "text/markdown",
      "last_modified": "2025-12-19T11:28:44.000Z",
      "size_bytes": 1079
    },
    "version.json": {
      "id": "1RDgqt27pDhjFuIQjNgFxxoCm2gk6epZX",
      "path": "/current/docs/version.json",
      "mime_type": "application/json",
      "last_modified": "2025-12-19T11:28:44.000Z",
      "size_bytes": 76"
    }
  },
  "metadata": {
    "generated_at": "2026-01-09T01:59:49.957503Z",
    "count": 15
  }
}