{
  "appearance": {
    "seedSalt": "s:cam-entrance-01",
    "seedStrategy": "hmac",
    "style": "tiles+silhouettes"
  },
  "compatibility": {
    "colorspace": "bt709",
    "determinism": true,
    "frameLayout": "progressive"
  },
  "profile": "schematic-v1",
  "streamId": "cam-entrance-01",
  "timeline": [
    {
      "tracks": [
        {
          "bbox": [
            0.12,
            0.22,
            0.28,
            0.55
          ],
          "id": "t:person#42",
          "label": "person",
          "occluded": false,
          "z": 0.4
        }
      ],
      "ts": "2025-11-01T18:25:44.200Z"
    }
  ],
  "type": "media.surrogate.recipe",
  "video": {
    "fps": 15,
    "height": 720,
    "width": 1280
  }
}