{
  "diagnostics": {
    "augmentations": "none",
    "sigma_sched": "[0.01,0.02,0.05]"
  },
  "inputs_commitment": "sha256:dataset|sigma_sched|plan",
  "iters": {
    "epochs": 200,
    "steps": 78000
  },
  "lineage": {
    "code": "git:abcd1234",
    "data": "sha256:...",
    "weights": "sha256:..."
  },
  "output_commitment": "sha256:weights_v120",
  "receipt_kind": "ReductionReceipt",
  "residuals": {
    "grad_norm": 2.1,
    "loss_final": 0.193
  },
  "solver_binding_id": "solver://ml/ebm/dsm@1.2.0"
}