{
  "diagnostics": {
    "k_cover_violations_post": 0,
    "k_cover_violations_pre": 7400
  },
  "inputs_commitment": "sha256:X|k=10|epsR=0.12|tau=0.05|steps=20",
  "iters": {
    "sinkhorn_avg": 1620
  },
  "output_commitment": "sha256:X_priv",
  "privacy": {
    "entropic_eps": 0.01,
    "epsilon_radius": 0.12,
    "k": 10,
    "receipt_kind": "PrivacyReceipt",
    "steps": 20,
    "tau": 0.05
  },
  "receipt_kind": "ReductionReceipt",
  "residuals": {
    "duality_gap": 8.7e-10
  },
  "solver_binding_id": "solver://priv/jko_ot_sinkhorn@1.1.0"
}