{
  "diagnostics": {
    "neg_fixups": 0,
    "sn_residual": 7.1e-09
  },
  "inputs_commitment": "sha256:mesh|xs|S8|groups=26|mc=5e7",
  "output_commitment": "sha256:flux_fields|tallies",
  "receipt_kind": "ReductionReceipt",
  "solver_binding_id": "solver://rt/sn_multigroup@0.9.8",
  "stochastic": {
    "engine": "openmc@0.14",
    "particles": 50000000,
    "receipt_kind": "StochasticKernelReceipt",
    "rng_seed": 20251101,
    "tallies": {
      "flux": {
        "mean": 1.23,
        "rel_err": 0.006
      }
    }
  }
}