{
  "hardware_profile_id": "hw_ultra_light_2c_4g_no_gpu",
  "hardware_profile_path": "examples/environment/hardware_profile_ultra_light.json",
  "id": "bootstrap_receipt_ultra_light_example",
  "metadata": {
    "example": true
  },
  "nvm_blocks_created": [
    {
      "name": "nvm_system_docs",
      "purpose": "system_docs"
    },
    {
      "name": "nvm_user_workspace_default",
      "purpose": "user_workspace"
    },
    {
      "name": "nvm_system_experience",
      "purpose": "system_experience"
    }
  ],
  "run_id": "first_run_001",
  "sdl_shards_discovered": [
    "sdl_shard_small_device_optimization",
    "sdl_shard_offline_friendly_profile"
  ],
  "states": [
    {
      "name": "BOOT_MINIMAL_CORE",
      "status": "ok"
    },
    {
      "name": "PROBE_ENVIRONMENT",
      "status": "ok"
    },
    {
      "name": "PERSIST_HARDWARE_PROFILE",
      "status": "ok"
    },
    {
      "name": "INIT_CORE_NVM_BLOCKS",
      "status": "ok"
    },
    {
      "name": "PRELOAD_AND_INGEST",
      "status": "ok"
    },
    {
      "name": "DISCOVER_STARTER_PATTERNS",
      "status": "ok"
    },
    {
      "name": "ACTIVATE_EXTENSIONS",
      "status": "ok"
    },
    {
      "name": "READY_FOR_USER",
      "status": "ok"
    }
  ],
  "timestamp_utc": "2025-12-14T00:00:00Z",
  "vnes_decisions": [
    {
      "decision_id": "dec_001",
      "kind": "select_profile",
      "summary": "Selected small-device optimization profile for ultra-light hardware."
    },
    {
      "decision_id": "dec_002",
      "kind": "enable_operator",
      "summary": "Enabled lightweight embedding operators; disabled heavy GPU-bound operators."
    }
  ]
}