{
  "capabilities": [
    "analyze:code",
    "detect:bugs",
    "suggest:improvements"
  ],
  "description": "Static code analysis and bug detection model",
  "entrypoint": {
    "kind": "noop",
    "note": "Replace with actual model endpoint"
  },
  "metadata": {
    "output_format": "json",
    "supported_languages": [
      "python",
      "javascript",
      "java"
    ]
  },
  "name": "code-analyzer",
  "tags": [
    "offline",
    "demo",
    "code",
    "analysis"
  ],
  "type": "model"
}