{
  "$schema": "http://json-schema.org/draft-07/schema#",
  "properties": {
    "causal": {
      "type": "object"
    },
    "id": {
      "type": "string"
    },
    "node_id": {
      "type": "string"
    },
    "op": {
      "type": "object"
    },
    "post": {
      "type": "object"
    },
    "pre": {
      "type": "object"
    },
    "timestamp": {
      "type": "number"
    }
  },
  "required": [
    "id",
    "node_id",
    "causal",
    "op"
  ],
  "title": "Operation Record",
  "type": "object"
}