{
  "entries": {
    "manifest.json": {
      "id": "1S7teIx3FjLww9uuZ427Oz17yK0xcQ4bQ",
      "path": "/current/examples/manifest.json",
      "mime_type": "application/json",
      "last_modified": "2026-01-04T05:42:00.059Z",
      "size_bytes": 173
    },
    "sdl": {
      "id": "1yJc1Wah6PXmYos2N8ya7OE4fKEAMbqpC",
      "path": "/current/examples/sdl",
      "mime_type": "application/vnd.google-apps.folder",
      "last_modified": "2026-01-02T08:12:53.288Z"
    },
    "iam": {
      "id": "1ZuyDfWKIM0qZQSsBf2m0cYt4KOefBFhp",
      "path": "/current/examples/iam",
      "mime_type": "application/vnd.google-apps.folder",
      "last_modified": "2026-01-02T08:12:53.287Z"
    },
    "environment": {
      "id": "16MQhcmVZKVpsG0YCfT61CBTqCITMbNyh",
      "path": "/current/examples/environment",
      "mime_type": "application/vnd.google-apps.folder",
      "last_modified": "2026-01-02T08:12:53.287Z"
    },
    "integration": {
      "id": "1oXSknAbTg9-rKlTXLitk7UtCj4k0-gdN",
      "path": "/current/examples/integration",
      "mime_type": "application/vnd.google-apps.folder",
      "last_modified": "2026-01-02T08:12:53.283Z"
    },
    "hierarchical_deployment": {
      "id": "18ziCNbIOyntMupK8yTRJ6wcnuA9auNYh",
      "path": "/current/examples/hierarchical_deployment",
      "mime_type": "application/vnd.google-apps.folder",
      "last_modified": "2026-01-02T08:11:38.053Z"
    },
    "basic": {
      "id": "1yuPu_PA-a5p2shgkULueMcAPYdi_6bmZ",
      "path": "/current/examples/basic",
      "mime_type": "application/vnd.google-apps.folder",
      "last_modified": "2026-01-02T08:11:37.763Z"
    }
  },
  "metadata": {
    "generated_at": "2026-01-09T01:57:29.230258Z",
    "count": 7
  }
}