{
  "tiers": [
    {
      "id": "tier_core",
      "name": "HyperSync Core",
      "type": "open_source",
      "cost": 0,
      "features": [
        "geometry_basic",
        "routing_standard",
        "determinism_local"
      ]
    },
    {
      "id": "tier_basic",
      "name": "HyperSync Basic",
      "type": "retail_perpetual",
      "cost": 3000,
      "currency": "USD_CENTS",
      "features": [
        "holon_depth_3",
        "telemetry_basic",
        "policy_standard"
      ]
    },
    {
      "id": "tier_pro",
      "name": "HyperSync Pro",
      "type": "retail_perpetual",
      "cost": 7000,
      "currency": "USD_CENTS",
      "features": [
        "holon_depth_unlimited",
        "physics_advanced",
        "replay_full",
        "governance_advanced"
      ]
    },
    {
      "id": "tier_advanced",
      "name": "HyperSync Advanced",
      "type": "retail_perpetual",
      "cost": 25000,
      "currency": "USD_CENTS",
      "features": [
        "solvers_specialized",
        "profile_hft",
        "profile_robotics",
        "diagnostics_god_mode"
      ]
    },
    {
      "id": "tier_quartermaster",
      "name": "HyperSync QuarterMaster",
      "type": "enterprise_contract",
      "cost": -1,
      "features": [
        "custom_geometry",
        "support_sla",
        "airgap_cert",
        "partner_managed"
      ]
    }
  ]
}