{
  "audio_signal_processing": {
    "meta": {
      "description": "Spatial audio and mixing based on non-Euclidean acoustics",
      "status": "ALPHA",
      "version": "1.0.0"
    },
    "spatial_audio": {
      "panning_laws": {
        "ICO-E": "Standard VBAP (Vector Base Amplitude Panning)",
        "ICO-S": "Spherical Harmonics (Ambisonics) up to Order 3",
        "ICO-H": "Hyperbolic Harmonics (Helgason Waves)"
      },
      "distance_attenuation": {
        "Euclidean": "1 / r^2",
        "Hyperbolic": "1 / sinh(r)^2 (Exponential decay at long range)",
        "Spherical": "1 / sin(r)^2 (Focusing effects at antipodes)"
      },
      "doppler_effect": {
        "Euclidean": "f_obs = f_src * (c + v_obs) / (c + v_src)",
        "Hyperbolic": "f_obs = f_src * exp(-eta) (Redshift based on rapidity difference)",
        "Relativistic": "f_obs = f_src * sqrt((1 - v/c) / (1 + v/c))"
      }
    },
    "mixing_matrix": {
      "dynamic_range_compression": {
        "threshold_db": -20,
        "ratio": "4:1",
        "knee_width_db": 6
      },
      "priority_ducking": {
        "trigger": "Notification / Warning",
        "attenuation_db": -12,
        "release_ms": 300
      }
    },
    "fault_detection": {
      "clipping_detection": {
        "logic": "If peak_amplitude > 0.0 dBFS for > 3 consecutive samples, flag 'Audio Clip'.",
        "action": "Engage Hard Limiter."
      },
      "dc_offset_detection": {
        "logic": "If mean(amplitude) > 0.01 for 1s window, flag 'DC Offset'.",
        "action": "Apply High-Pass Filter (20Hz)."
      },
      "phase_correlation_check": {
        "logic": "If correlation(L, R) < -0.8 (Anti-phase), flag 'Phase Cancellation Risk'.",
        "action": "Warn user or collapse to Mono below 200Hz."
      },
      "doppler_singularity": {
        "logic": "If calculated_frequency_shift > max_shift_threshold (e.g., 100x), flag 'Doppler Singularity'.",
        "action": "Clamp frequency shift to max_shift_threshold."
      }
    },
    "mathematical_foundations": {
      "formal_definition": "Defined via category theory morphisms.",
      "invariants": [
        "Conservation of Information",
        "Topological Stability"
      ],
      "signal_processing": "FFT-based spectral analysis."
    },
    "detailed_mechanisms": {
      "initialization": "Deterministic state bootstrapping.",
      "execution_flow": "Event-driven state transitions."
    },
    "stunir_optimizations": {
      "caching": "Content-addressable artifact caching.",
      "parallelism": "Task graph parallel execution."
    }
  }
}