{
  "coordination.capsule.json": {
    "migration_policy": "none",
    "release_status": "released",
    "size_bytes": 622,
    "stability": "stable",
    "unreleased": false
  },
  "coordination.spec.json": {
    "migration_policy": "none",
    "release_status": "released",
    "size_bytes": 2485,
    "stability": "stable",
    "unreleased": false
  },
  "ui_display.spec.json": {
    "migration_policy": "none",
    "release_status": "released",
    "size_bytes": 3100,
    "stability": "stable",
    "unreleased": false
  },
  "audio_engine.spec.json": {
    "migration_policy": "none",
    "release_status": "released",
    "size_bytes": 2125,
    "stability": "stable",
    "unreleased": false
  },
  "audio_signal_processing.spec.json": {
    "migration_policy": "none",
    "release_status": "released",
    "size_bytes": 2586,
    "stability": "stable",
    "unreleased": false
  }
}